-- V99__seed_data.sql
-- Datos asimétricos compatibles con Oracle y H2 en modo Oracle.
-- Password de los usuarios semilla: Password123

INSERT INTO PLANES (NOMBRE, PANTALLAS_SIMULTANEAS, CALIDAD, PRECIO_MENSUAL, MAX_PERFILES, ACTIVO) VALUES ('BASICO', 1, 'SD', 14900, 2, 'S');
INSERT INTO PLANES (NOMBRE, PANTALLAS_SIMULTANEAS, CALIDAD, PRECIO_MENSUAL, MAX_PERFILES, ACTIVO) VALUES ('ESTANDAR', 2, 'HD', 24900, 3, 'S');
INSERT INTO PLANES (NOMBRE, PANTALLAS_SIMULTANEAS, CALIDAD, PRECIO_MENSUAL, MAX_PERFILES, ACTIVO) VALUES ('PREMIUM', 4, '4K', 34900, 5, 'S');

INSERT INTO CATEGORIAS (NOMBRE, TIPO_CONTENIDO) VALUES ('Películas','PELICULA');
INSERT INTO CATEGORIAS (NOMBRE, TIPO_CONTENIDO) VALUES ('Series','SERIE');
INSERT INTO CATEGORIAS (NOMBRE, TIPO_CONTENIDO) VALUES ('Documentales','DOCUMENTAL');
INSERT INTO CATEGORIAS (NOMBRE, TIPO_CONTENIDO) VALUES ('Música','MUSICA');
INSERT INTO CATEGORIAS (NOMBRE, TIPO_CONTENIDO) VALUES ('Podcasts','PODCAST');

INSERT INTO GENEROS (NOMBRE) VALUES ('Acción');
INSERT INTO GENEROS (NOMBRE) VALUES ('Comedia');
INSERT INTO GENEROS (NOMBRE) VALUES ('Drama');
INSERT INTO GENEROS (NOMBRE) VALUES ('Suspenso');
INSERT INTO GENEROS (NOMBRE) VALUES ('Romance');
INSERT INTO GENEROS (NOMBRE) VALUES ('Ciencia Ficción');
INSERT INTO GENEROS (NOMBRE) VALUES ('Terror');
INSERT INTO GENEROS (NOMBRE) VALUES ('Infantil');

INSERT INTO DEPARTAMENTOS (NOMBRE) VALUES ('Tecnología');
INSERT INTO DEPARTAMENTOS (NOMBRE) VALUES ('Contenido');
INSERT INTO DEPARTAMENTOS (NOMBRE) VALUES ('Marketing');
INSERT INTO DEPARTAMENTOS (NOMBRE) VALUES ('Soporte');
INSERT INTO DEPARTAMENTOS (NOMBRE) VALUES ('Finanzas');

INSERT INTO EMPLEADOS (NOMBRE, EMAIL, ID_DEPARTAMENTO, ID_SUPERVISOR, CARGO, ACTIVO) VALUES ('Empleado 1', 'empleado1@quindioflix.com', 1, NULL, 'Profesional', 'S');
INSERT INTO EMPLEADOS (NOMBRE, EMAIL, ID_DEPARTAMENTO, ID_SUPERVISOR, CARGO, ACTIVO) VALUES ('Empleado 2', 'empleado2@quindioflix.com', 2, NULL, 'Gestor de contenido', 'S');
INSERT INTO EMPLEADOS (NOMBRE, EMAIL, ID_DEPARTAMENTO, ID_SUPERVISOR, CARGO, ACTIVO) VALUES ('Empleado 3', 'empleado3@quindioflix.com', 3, NULL, 'Profesional', 'S');
INSERT INTO EMPLEADOS (NOMBRE, EMAIL, ID_DEPARTAMENTO, ID_SUPERVISOR, CARGO, ACTIVO) VALUES ('Empleado 4', 'empleado4@quindioflix.com', 4, NULL, 'Analista soporte', 'S');
INSERT INTO EMPLEADOS (NOMBRE, EMAIL, ID_DEPARTAMENTO, ID_SUPERVISOR, CARGO, ACTIVO) VALUES ('Empleado 5', 'empleado5@quindioflix.com', 5, NULL, 'Profesional', 'S');
INSERT INTO EMPLEADOS (NOMBRE, EMAIL, ID_DEPARTAMENTO, ID_SUPERVISOR, CARGO, ACTIVO) VALUES ('Empleado 6', 'empleado6@quindioflix.com', 1, 1, 'Profesional', 'S');
INSERT INTO EMPLEADOS (NOMBRE, EMAIL, ID_DEPARTAMENTO, ID_SUPERVISOR, CARGO, ACTIVO) VALUES ('Empleado 7', 'empleado7@quindioflix.com', 2, 2, 'Gestor de contenido', 'S');
INSERT INTO EMPLEADOS (NOMBRE, EMAIL, ID_DEPARTAMENTO, ID_SUPERVISOR, CARGO, ACTIVO) VALUES ('Empleado 8', 'empleado8@quindioflix.com', 3, 3, 'Profesional', 'S');
INSERT INTO EMPLEADOS (NOMBRE, EMAIL, ID_DEPARTAMENTO, ID_SUPERVISOR, CARGO, ACTIVO) VALUES ('Empleado 9', 'empleado9@quindioflix.com', 4, 4, 'Analista soporte', 'S');
INSERT INTO EMPLEADOS (NOMBRE, EMAIL, ID_DEPARTAMENTO, ID_SUPERVISOR, CARGO, ACTIVO) VALUES ('Empleado 10', 'empleado10@quindioflix.com', 5, 5, 'Profesional', 'S');
UPDATE DEPARTAMENTOS SET ID_JEFE = (SELECT MIN(e.ID_EMPLEADO) FROM EMPLEADOS e WHERE e.ID_DEPARTAMENTO = DEPARTAMENTOS.ID_DEPARTAMENTO);

INSERT INTO USUARIOS (NOMBRE, EMAIL, TELEFONO, FECHA_NACIMIENTO, CIUDAD, PASSWORD_HASH, ID_PLAN, ESTADO_CUENTA, FECHA_REGISTRO, FECHA_ULTIMO_PAGO, FECHA_VENCIMIENTO, ID_REFERIDO_POR, ROL) VALUES ('Usuario 1', 'usuario1@mail.com', '3000000001', DATE '1999-01-01', 'Armenia', '$2a$10$wuJIc0U/OAbjduBxAsERZOpE.G73uVWHuKDNSSsVVC7GfA0BpJ1km', 1, 'ACTIVO', TIMESTAMP '2024-01-12 08:00:00', TIMESTAMP '2025-01-02 10:00:00', TIMESTAMP '2025-02-01 10:00:00', NULL, 'ADMIN');
INSERT INTO USUARIOS (NOMBRE, EMAIL, TELEFONO, FECHA_NACIMIENTO, CIUDAD, PASSWORD_HASH, ID_PLAN, ESTADO_CUENTA, FECHA_REGISTRO, FECHA_ULTIMO_PAGO, FECHA_VENCIMIENTO, ID_REFERIDO_POR, ROL) VALUES ('Usuario 2', 'usuario2@mail.com', '3000000002', DATE '1998-01-01', 'Cali', '$2a$10$wuJIc0U/OAbjduBxAsERZOpE.G73uVWHuKDNSSsVVC7GfA0BpJ1km', 2, 'ACTIVO', TIMESTAMP '2024-01-23 08:00:00', TIMESTAMP '2025-01-03 10:00:00', TIMESTAMP '2025-02-02 10:00:00', NULL, 'MODERADOR');
INSERT INTO USUARIOS (NOMBRE, EMAIL, TELEFONO, FECHA_NACIMIENTO, CIUDAD, PASSWORD_HASH, ID_PLAN, ESTADO_CUENTA, FECHA_REGISTRO, FECHA_ULTIMO_PAGO, FECHA_VENCIMIENTO, ID_REFERIDO_POR, ROL) VALUES ('Usuario 3', 'usuario3@mail.com', '3000000003', DATE '1997-01-01', 'Medellín', '$2a$10$wuJIc0U/OAbjduBxAsERZOpE.G73uVWHuKDNSSsVVC7GfA0BpJ1km', 3, 'ACTIVO', TIMESTAMP '2024-02-03 08:00:00', TIMESTAMP '2025-01-04 10:00:00', TIMESTAMP '2025-02-03 10:00:00', NULL, 'CONTENIDO');
INSERT INTO USUARIOS (NOMBRE, EMAIL, TELEFONO, FECHA_NACIMIENTO, CIUDAD, PASSWORD_HASH, ID_PLAN, ESTADO_CUENTA, FECHA_REGISTRO, FECHA_ULTIMO_PAGO, FECHA_VENCIMIENTO, ID_REFERIDO_POR, ROL) VALUES ('Usuario 4', 'usuario4@mail.com', '3000000004', DATE '1996-01-02', 'Bogotá', '$2a$10$wuJIc0U/OAbjduBxAsERZOpE.G73uVWHuKDNSSsVVC7GfA0BpJ1km', 1, 'ACTIVO', TIMESTAMP '2024-02-14 08:00:00', TIMESTAMP '2025-01-05 10:00:00', TIMESTAMP '2025-02-04 10:00:00', NULL, 'CLIENTE');
INSERT INTO USUARIOS (NOMBRE, EMAIL, TELEFONO, FECHA_NACIMIENTO, CIUDAD, PASSWORD_HASH, ID_PLAN, ESTADO_CUENTA, FECHA_REGISTRO, FECHA_ULTIMO_PAGO, FECHA_VENCIMIENTO, ID_REFERIDO_POR, ROL) VALUES ('Usuario 5', 'usuario5@mail.com', '3000000005', DATE '1995-01-02', 'Armenia', '$2a$10$wuJIc0U/OAbjduBxAsERZOpE.G73uVWHuKDNSSsVVC7GfA0BpJ1km', 2, 'ACTIVO', TIMESTAMP '2024-02-25 08:00:00', TIMESTAMP '2025-01-06 10:00:00', TIMESTAMP '2025-02-05 10:00:00', NULL, 'CLIENTE');
INSERT INTO USUARIOS (NOMBRE, EMAIL, TELEFONO, FECHA_NACIMIENTO, CIUDAD, PASSWORD_HASH, ID_PLAN, ESTADO_CUENTA, FECHA_REGISTRO, FECHA_ULTIMO_PAGO, FECHA_VENCIMIENTO, ID_REFERIDO_POR, ROL) VALUES ('Usuario 6', 'usuario6@mail.com', '3000000006', DATE '1994-01-02', 'Cali', '$2a$10$wuJIc0U/OAbjduBxAsERZOpE.G73uVWHuKDNSSsVVC7GfA0BpJ1km', 3, 'ACTIVO', TIMESTAMP '2024-03-07 08:00:00', TIMESTAMP '2025-01-07 10:00:00', TIMESTAMP '2025-02-06 10:00:00', NULL, 'CLIENTE');
INSERT INTO USUARIOS (NOMBRE, EMAIL, TELEFONO, FECHA_NACIMIENTO, CIUDAD, PASSWORD_HASH, ID_PLAN, ESTADO_CUENTA, FECHA_REGISTRO, FECHA_ULTIMO_PAGO, FECHA_VENCIMIENTO, ID_REFERIDO_POR, ROL) VALUES ('Usuario 7', 'usuario7@mail.com', '3000000007', DATE '1993-01-02', 'Medellín', '$2a$10$wuJIc0U/OAbjduBxAsERZOpE.G73uVWHuKDNSSsVVC7GfA0BpJ1km', 1, 'ACTIVO', TIMESTAMP '2024-03-18 08:00:00', TIMESTAMP '2025-01-08 10:00:00', TIMESTAMP '2025-02-07 10:00:00', NULL, 'CLIENTE');
INSERT INTO USUARIOS (NOMBRE, EMAIL, TELEFONO, FECHA_NACIMIENTO, CIUDAD, PASSWORD_HASH, ID_PLAN, ESTADO_CUENTA, FECHA_REGISTRO, FECHA_ULTIMO_PAGO, FECHA_VENCIMIENTO, ID_REFERIDO_POR, ROL) VALUES ('Usuario 8', 'usuario8@mail.com', '3000000008', DATE '1992-01-03', 'Bogotá', '$2a$10$wuJIc0U/OAbjduBxAsERZOpE.G73uVWHuKDNSSsVVC7GfA0BpJ1km', 2, 'ACTIVO', TIMESTAMP '2024-03-29 08:00:00', TIMESTAMP '2025-01-09 10:00:00', TIMESTAMP '2025-02-08 10:00:00', NULL, 'CLIENTE');
INSERT INTO USUARIOS (NOMBRE, EMAIL, TELEFONO, FECHA_NACIMIENTO, CIUDAD, PASSWORD_HASH, ID_PLAN, ESTADO_CUENTA, FECHA_REGISTRO, FECHA_ULTIMO_PAGO, FECHA_VENCIMIENTO, ID_REFERIDO_POR, ROL) VALUES ('Usuario 9', 'usuario9@mail.com', '3000000009', DATE '1991-01-03', 'Armenia', '$2a$10$wuJIc0U/OAbjduBxAsERZOpE.G73uVWHuKDNSSsVVC7GfA0BpJ1km', 3, 'ACTIVO', TIMESTAMP '2024-04-09 08:00:00', TIMESTAMP '2025-01-10 10:00:00', TIMESTAMP '2025-02-09 10:00:00', NULL, 'CLIENTE');
INSERT INTO USUARIOS (NOMBRE, EMAIL, TELEFONO, FECHA_NACIMIENTO, CIUDAD, PASSWORD_HASH, ID_PLAN, ESTADO_CUENTA, FECHA_REGISTRO, FECHA_ULTIMO_PAGO, FECHA_VENCIMIENTO, ID_REFERIDO_POR, ROL) VALUES ('Usuario 10', 'usuario10@mail.com', '3000000010', DATE '1990-01-03', 'Cali', '$2a$10$wuJIc0U/OAbjduBxAsERZOpE.G73uVWHuKDNSSsVVC7GfA0BpJ1km', 1, 'ACTIVO', TIMESTAMP '2024-04-20 08:00:00', TIMESTAMP '2025-01-11 10:00:00', TIMESTAMP '2025-02-10 10:00:00', 5, 'CLIENTE');
INSERT INTO USUARIOS (NOMBRE, EMAIL, TELEFONO, FECHA_NACIMIENTO, CIUDAD, PASSWORD_HASH, ID_PLAN, ESTADO_CUENTA, FECHA_REGISTRO, FECHA_ULTIMO_PAGO, FECHA_VENCIMIENTO, ID_REFERIDO_POR, ROL) VALUES ('Usuario 11', 'usuario11@mail.com', '3000000011', DATE '1989-01-03', 'Medellín', '$2a$10$wuJIc0U/OAbjduBxAsERZOpE.G73uVWHuKDNSSsVVC7GfA0BpJ1km', 2, 'ACTIVO', TIMESTAMP '2024-05-01 08:00:00', TIMESTAMP '2025-01-12 10:00:00', TIMESTAMP '2025-02-11 10:00:00', NULL, 'CLIENTE');
INSERT INTO USUARIOS (NOMBRE, EMAIL, TELEFONO, FECHA_NACIMIENTO, CIUDAD, PASSWORD_HASH, ID_PLAN, ESTADO_CUENTA, FECHA_REGISTRO, FECHA_ULTIMO_PAGO, FECHA_VENCIMIENTO, ID_REFERIDO_POR, ROL) VALUES ('Usuario 12', 'usuario12@mail.com', '3000000012', DATE '1988-01-04', 'Bogotá', '$2a$10$wuJIc0U/OAbjduBxAsERZOpE.G73uVWHuKDNSSsVVC7GfA0BpJ1km', 3, 'ACTIVO', TIMESTAMP '2024-05-12 08:00:00', TIMESTAMP '2025-01-13 10:00:00', TIMESTAMP '2025-02-12 10:00:00', NULL, 'CLIENTE');
INSERT INTO USUARIOS (NOMBRE, EMAIL, TELEFONO, FECHA_NACIMIENTO, CIUDAD, PASSWORD_HASH, ID_PLAN, ESTADO_CUENTA, FECHA_REGISTRO, FECHA_ULTIMO_PAGO, FECHA_VENCIMIENTO, ID_REFERIDO_POR, ROL) VALUES ('Usuario 13', 'usuario13@mail.com', '3000000013', DATE '1987-01-04', 'Armenia', '$2a$10$wuJIc0U/OAbjduBxAsERZOpE.G73uVWHuKDNSSsVVC7GfA0BpJ1km', 1, 'INACTIVO', TIMESTAMP '2024-05-23 08:00:00', TIMESTAMP '2025-01-14 10:00:00', TIMESTAMP '2025-02-13 10:00:00', NULL, 'CLIENTE');
INSERT INTO USUARIOS (NOMBRE, EMAIL, TELEFONO, FECHA_NACIMIENTO, CIUDAD, PASSWORD_HASH, ID_PLAN, ESTADO_CUENTA, FECHA_REGISTRO, FECHA_ULTIMO_PAGO, FECHA_VENCIMIENTO, ID_REFERIDO_POR, ROL) VALUES ('Usuario 14', 'usuario14@mail.com', '3000000014', DATE '1986-01-04', 'Cali', '$2a$10$wuJIc0U/OAbjduBxAsERZOpE.G73uVWHuKDNSSsVVC7GfA0BpJ1km', 2, 'ACTIVO', TIMESTAMP '2024-06-03 08:00:00', TIMESTAMP '2025-01-15 10:00:00', TIMESTAMP '2025-02-14 10:00:00', NULL, 'CLIENTE');
INSERT INTO USUARIOS (NOMBRE, EMAIL, TELEFONO, FECHA_NACIMIENTO, CIUDAD, PASSWORD_HASH, ID_PLAN, ESTADO_CUENTA, FECHA_REGISTRO, FECHA_ULTIMO_PAGO, FECHA_VENCIMIENTO, ID_REFERIDO_POR, ROL) VALUES ('Usuario 15', 'usuario15@mail.com', '3000000015', DATE '1985-01-04', 'Medellín', '$2a$10$wuJIc0U/OAbjduBxAsERZOpE.G73uVWHuKDNSSsVVC7GfA0BpJ1km', 3, 'ACTIVO', TIMESTAMP '2024-06-14 08:00:00', TIMESTAMP '2025-01-16 10:00:00', TIMESTAMP '2025-02-15 10:00:00', 10, 'CLIENTE');
INSERT INTO USUARIOS (NOMBRE, EMAIL, TELEFONO, FECHA_NACIMIENTO, CIUDAD, PASSWORD_HASH, ID_PLAN, ESTADO_CUENTA, FECHA_REGISTRO, FECHA_ULTIMO_PAGO, FECHA_VENCIMIENTO, ID_REFERIDO_POR, ROL) VALUES ('Usuario 16', 'usuario16@mail.com', '3000000016', DATE '1984-01-05', 'Bogotá', '$2a$10$wuJIc0U/OAbjduBxAsERZOpE.G73uVWHuKDNSSsVVC7GfA0BpJ1km', 1, 'ACTIVO', TIMESTAMP '2024-06-25 08:00:00', TIMESTAMP '2025-01-17 10:00:00', TIMESTAMP '2025-02-16 10:00:00', NULL, 'CLIENTE');
INSERT INTO USUARIOS (NOMBRE, EMAIL, TELEFONO, FECHA_NACIMIENTO, CIUDAD, PASSWORD_HASH, ID_PLAN, ESTADO_CUENTA, FECHA_REGISTRO, FECHA_ULTIMO_PAGO, FECHA_VENCIMIENTO, ID_REFERIDO_POR, ROL) VALUES ('Usuario 17', 'usuario17@mail.com', '3000000017', DATE '1983-01-05', 'Armenia', '$2a$10$wuJIc0U/OAbjduBxAsERZOpE.G73uVWHuKDNSSsVVC7GfA0BpJ1km', 2, 'ACTIVO', TIMESTAMP '2024-07-06 08:00:00', TIMESTAMP '2025-01-18 10:00:00', TIMESTAMP '2025-02-17 10:00:00', NULL, 'CLIENTE');
INSERT INTO USUARIOS (NOMBRE, EMAIL, TELEFONO, FECHA_NACIMIENTO, CIUDAD, PASSWORD_HASH, ID_PLAN, ESTADO_CUENTA, FECHA_REGISTRO, FECHA_ULTIMO_PAGO, FECHA_VENCIMIENTO, ID_REFERIDO_POR, ROL) VALUES ('Usuario 18', 'usuario18@mail.com', '3000000018', DATE '1982-01-05', 'Cali', '$2a$10$wuJIc0U/OAbjduBxAsERZOpE.G73uVWHuKDNSSsVVC7GfA0BpJ1km', 3, 'ACTIVO', TIMESTAMP '2024-07-17 08:00:00', TIMESTAMP '2025-01-19 10:00:00', TIMESTAMP '2025-02-18 10:00:00', NULL, 'CLIENTE');
INSERT INTO USUARIOS (NOMBRE, EMAIL, TELEFONO, FECHA_NACIMIENTO, CIUDAD, PASSWORD_HASH, ID_PLAN, ESTADO_CUENTA, FECHA_REGISTRO, FECHA_ULTIMO_PAGO, FECHA_VENCIMIENTO, ID_REFERIDO_POR, ROL) VALUES ('Usuario 19', 'usuario19@mail.com', '3000000019', DATE '1981-01-05', 'Medellín', '$2a$10$wuJIc0U/OAbjduBxAsERZOpE.G73uVWHuKDNSSsVVC7GfA0BpJ1km', 1, 'ACTIVO', TIMESTAMP '2024-07-28 08:00:00', TIMESTAMP '2025-01-20 10:00:00', TIMESTAMP '2025-02-19 10:00:00', NULL, 'CLIENTE');
INSERT INTO USUARIOS (NOMBRE, EMAIL, TELEFONO, FECHA_NACIMIENTO, CIUDAD, PASSWORD_HASH, ID_PLAN, ESTADO_CUENTA, FECHA_REGISTRO, FECHA_ULTIMO_PAGO, FECHA_VENCIMIENTO, ID_REFERIDO_POR, ROL) VALUES ('Usuario 20', 'usuario20@mail.com', '3000000020', DATE '1980-01-06', 'Bogotá', '$2a$10$wuJIc0U/OAbjduBxAsERZOpE.G73uVWHuKDNSSsVVC7GfA0BpJ1km', 2, 'ACTIVO', TIMESTAMP '2024-08-08 08:00:00', TIMESTAMP '2025-01-21 10:00:00', TIMESTAMP '2025-02-20 10:00:00', 15, 'CLIENTE');
INSERT INTO USUARIOS (NOMBRE, EMAIL, TELEFONO, FECHA_NACIMIENTO, CIUDAD, PASSWORD_HASH, ID_PLAN, ESTADO_CUENTA, FECHA_REGISTRO, FECHA_ULTIMO_PAGO, FECHA_VENCIMIENTO, ID_REFERIDO_POR, ROL) VALUES ('Usuario 21', 'usuario21@mail.com', '3000000021', DATE '1979-01-06', 'Armenia', '$2a$10$wuJIc0U/OAbjduBxAsERZOpE.G73uVWHuKDNSSsVVC7GfA0BpJ1km', 3, 'ACTIVO', TIMESTAMP '2024-08-19 08:00:00', TIMESTAMP '2025-01-22 10:00:00', TIMESTAMP '2025-02-21 10:00:00', NULL, 'CLIENTE');
INSERT INTO USUARIOS (NOMBRE, EMAIL, TELEFONO, FECHA_NACIMIENTO, CIUDAD, PASSWORD_HASH, ID_PLAN, ESTADO_CUENTA, FECHA_REGISTRO, FECHA_ULTIMO_PAGO, FECHA_VENCIMIENTO, ID_REFERIDO_POR, ROL) VALUES ('Usuario 22', 'usuario22@mail.com', '3000000022', DATE '1978-01-06', 'Cali', '$2a$10$wuJIc0U/OAbjduBxAsERZOpE.G73uVWHuKDNSSsVVC7GfA0BpJ1km', 1, 'ACTIVO', TIMESTAMP '2024-08-30 08:00:00', TIMESTAMP '2025-01-23 10:00:00', TIMESTAMP '2025-02-22 10:00:00', NULL, 'CLIENTE');
INSERT INTO USUARIOS (NOMBRE, EMAIL, TELEFONO, FECHA_NACIMIENTO, CIUDAD, PASSWORD_HASH, ID_PLAN, ESTADO_CUENTA, FECHA_REGISTRO, FECHA_ULTIMO_PAGO, FECHA_VENCIMIENTO, ID_REFERIDO_POR, ROL) VALUES ('Usuario 23', 'usuario23@mail.com', '3000000023', DATE '1977-01-06', 'Medellín', '$2a$10$wuJIc0U/OAbjduBxAsERZOpE.G73uVWHuKDNSSsVVC7GfA0BpJ1km', 2, 'ACTIVO', TIMESTAMP '2024-09-10 08:00:00', TIMESTAMP '2025-01-24 10:00:00', TIMESTAMP '2025-02-23 10:00:00', NULL, 'CLIENTE');
INSERT INTO USUARIOS (NOMBRE, EMAIL, TELEFONO, FECHA_NACIMIENTO, CIUDAD, PASSWORD_HASH, ID_PLAN, ESTADO_CUENTA, FECHA_REGISTRO, FECHA_ULTIMO_PAGO, FECHA_VENCIMIENTO, ID_REFERIDO_POR, ROL) VALUES ('Usuario 24', 'usuario24@mail.com', '3000000024', DATE '1976-01-07', 'Bogotá', '$2a$10$wuJIc0U/OAbjduBxAsERZOpE.G73uVWHuKDNSSsVVC7GfA0BpJ1km', 3, 'ACTIVO', TIMESTAMP '2024-09-21 08:00:00', TIMESTAMP '2025-01-25 10:00:00', TIMESTAMP '2025-02-24 10:00:00', NULL, 'CLIENTE');
INSERT INTO USUARIOS (NOMBRE, EMAIL, TELEFONO, FECHA_NACIMIENTO, CIUDAD, PASSWORD_HASH, ID_PLAN, ESTADO_CUENTA, FECHA_REGISTRO, FECHA_ULTIMO_PAGO, FECHA_VENCIMIENTO, ID_REFERIDO_POR, ROL) VALUES ('Usuario 25', 'usuario25@mail.com', '3000000025', DATE '1975-01-07', 'Armenia', '$2a$10$wuJIc0U/OAbjduBxAsERZOpE.G73uVWHuKDNSSsVVC7GfA0BpJ1km', 1, 'ACTIVO', TIMESTAMP '2024-10-02 08:00:00', TIMESTAMP '2025-01-26 10:00:00', TIMESTAMP '2025-02-25 10:00:00', 20, 'CLIENTE');
INSERT INTO USUARIOS (NOMBRE, EMAIL, TELEFONO, FECHA_NACIMIENTO, CIUDAD, PASSWORD_HASH, ID_PLAN, ESTADO_CUENTA, FECHA_REGISTRO, FECHA_ULTIMO_PAGO, FECHA_VENCIMIENTO, ID_REFERIDO_POR, ROL) VALUES ('Usuario 26', 'usuario26@mail.com', '3000000026', DATE '1974-01-07', 'Cali', '$2a$10$wuJIc0U/OAbjduBxAsERZOpE.G73uVWHuKDNSSsVVC7GfA0BpJ1km', 2, 'INACTIVO', TIMESTAMP '2024-10-13 08:00:00', TIMESTAMP '2025-01-27 10:00:00', TIMESTAMP '2025-02-26 10:00:00', NULL, 'CLIENTE');
INSERT INTO USUARIOS (NOMBRE, EMAIL, TELEFONO, FECHA_NACIMIENTO, CIUDAD, PASSWORD_HASH, ID_PLAN, ESTADO_CUENTA, FECHA_REGISTRO, FECHA_ULTIMO_PAGO, FECHA_VENCIMIENTO, ID_REFERIDO_POR, ROL) VALUES ('Usuario 27', 'usuario27@mail.com', '3000000027', DATE '1973-01-07', 'Medellín', '$2a$10$wuJIc0U/OAbjduBxAsERZOpE.G73uVWHuKDNSSsVVC7GfA0BpJ1km', 3, 'ACTIVO', TIMESTAMP '2024-10-24 08:00:00', TIMESTAMP '2025-01-28 10:00:00', TIMESTAMP '2025-02-27 10:00:00', NULL, 'CLIENTE');
INSERT INTO USUARIOS (NOMBRE, EMAIL, TELEFONO, FECHA_NACIMIENTO, CIUDAD, PASSWORD_HASH, ID_PLAN, ESTADO_CUENTA, FECHA_REGISTRO, FECHA_ULTIMO_PAGO, FECHA_VENCIMIENTO, ID_REFERIDO_POR, ROL) VALUES ('Usuario 28', 'usuario28@mail.com', '3000000028', DATE '1972-01-08', 'Bogotá', '$2a$10$wuJIc0U/OAbjduBxAsERZOpE.G73uVWHuKDNSSsVVC7GfA0BpJ1km', 1, 'ACTIVO', TIMESTAMP '2024-11-04 08:00:00', TIMESTAMP '2025-01-29 10:00:00', TIMESTAMP '2025-02-28 10:00:00', NULL, 'CLIENTE');
INSERT INTO USUARIOS (NOMBRE, EMAIL, TELEFONO, FECHA_NACIMIENTO, CIUDAD, PASSWORD_HASH, ID_PLAN, ESTADO_CUENTA, FECHA_REGISTRO, FECHA_ULTIMO_PAGO, FECHA_VENCIMIENTO, ID_REFERIDO_POR, ROL) VALUES ('Usuario 29', 'usuario29@mail.com', '3000000029', DATE '1971-01-08', 'Armenia', '$2a$10$wuJIc0U/OAbjduBxAsERZOpE.G73uVWHuKDNSSsVVC7GfA0BpJ1km', 2, 'ACTIVO', TIMESTAMP '2024-11-15 08:00:00', TIMESTAMP '2025-01-30 10:00:00', TIMESTAMP '2025-03-01 10:00:00', NULL, 'CLIENTE');
INSERT INTO USUARIOS (NOMBRE, EMAIL, TELEFONO, FECHA_NACIMIENTO, CIUDAD, PASSWORD_HASH, ID_PLAN, ESTADO_CUENTA, FECHA_REGISTRO, FECHA_ULTIMO_PAGO, FECHA_VENCIMIENTO, ID_REFERIDO_POR, ROL) VALUES ('Usuario 30', 'usuario30@mail.com', '3000000030', DATE '1970-01-08', 'Cali', '$2a$10$wuJIc0U/OAbjduBxAsERZOpE.G73uVWHuKDNSSsVVC7GfA0BpJ1km', 3, 'ACTIVO', TIMESTAMP '2024-11-26 08:00:00', TIMESTAMP '2025-01-31 10:00:00', TIMESTAMP '2025-03-02 10:00:00', 25, 'CLIENTE');

INSERT INTO PERFILES (ID_USUARIO, NOMBRE, AVATAR, TIPO_PERFIL) VALUES (1, 'Perfil 1', 'avatar1.png', 'ADULTO');
INSERT INTO PERFILES (ID_USUARIO, NOMBRE, AVATAR, TIPO_PERFIL) VALUES (2, 'Perfil 1', 'avatar2.png', 'ADULTO');
INSERT INTO PERFILES (ID_USUARIO, NOMBRE, AVATAR, TIPO_PERFIL) VALUES (3, 'Perfil 1', 'avatar3.png', 'ADULTO');
INSERT INTO PERFILES (ID_USUARIO, NOMBRE, AVATAR, TIPO_PERFIL) VALUES (4, 'Perfil 1', 'avatar4.png', 'ADULTO');
INSERT INTO PERFILES (ID_USUARIO, NOMBRE, AVATAR, TIPO_PERFIL) VALUES (5, 'Perfil 1', 'avatar5.png', 'INFANTIL');
INSERT INTO PERFILES (ID_USUARIO, NOMBRE, AVATAR, TIPO_PERFIL) VALUES (6, 'Perfil 1', 'avatar6.png', 'ADULTO');
INSERT INTO PERFILES (ID_USUARIO, NOMBRE, AVATAR, TIPO_PERFIL) VALUES (7, 'Perfil 1', 'avatar7.png', 'ADULTO');
INSERT INTO PERFILES (ID_USUARIO, NOMBRE, AVATAR, TIPO_PERFIL) VALUES (8, 'Perfil 1', 'avatar0.png', 'ADULTO');
INSERT INTO PERFILES (ID_USUARIO, NOMBRE, AVATAR, TIPO_PERFIL) VALUES (9, 'Perfil 1', 'avatar1.png', 'ADULTO');
INSERT INTO PERFILES (ID_USUARIO, NOMBRE, AVATAR, TIPO_PERFIL) VALUES (10, 'Perfil 1', 'avatar2.png', 'INFANTIL');
INSERT INTO PERFILES (ID_USUARIO, NOMBRE, AVATAR, TIPO_PERFIL) VALUES (11, 'Perfil 1', 'avatar3.png', 'ADULTO');
INSERT INTO PERFILES (ID_USUARIO, NOMBRE, AVATAR, TIPO_PERFIL) VALUES (12, 'Perfil 1', 'avatar4.png', 'ADULTO');
INSERT INTO PERFILES (ID_USUARIO, NOMBRE, AVATAR, TIPO_PERFIL) VALUES (13, 'Perfil 1', 'avatar5.png', 'ADULTO');
INSERT INTO PERFILES (ID_USUARIO, NOMBRE, AVATAR, TIPO_PERFIL) VALUES (14, 'Perfil 1', 'avatar6.png', 'ADULTO');
INSERT INTO PERFILES (ID_USUARIO, NOMBRE, AVATAR, TIPO_PERFIL) VALUES (15, 'Perfil 1', 'avatar7.png', 'INFANTIL');
INSERT INTO PERFILES (ID_USUARIO, NOMBRE, AVATAR, TIPO_PERFIL) VALUES (16, 'Perfil 1', 'avatar0.png', 'ADULTO');
INSERT INTO PERFILES (ID_USUARIO, NOMBRE, AVATAR, TIPO_PERFIL) VALUES (17, 'Perfil 1', 'avatar1.png', 'ADULTO');
INSERT INTO PERFILES (ID_USUARIO, NOMBRE, AVATAR, TIPO_PERFIL) VALUES (18, 'Perfil 1', 'avatar2.png', 'ADULTO');
INSERT INTO PERFILES (ID_USUARIO, NOMBRE, AVATAR, TIPO_PERFIL) VALUES (19, 'Perfil 1', 'avatar3.png', 'ADULTO');
INSERT INTO PERFILES (ID_USUARIO, NOMBRE, AVATAR, TIPO_PERFIL) VALUES (20, 'Perfil 1', 'avatar4.png', 'INFANTIL');
INSERT INTO PERFILES (ID_USUARIO, NOMBRE, AVATAR, TIPO_PERFIL) VALUES (21, 'Perfil 1', 'avatar5.png', 'ADULTO');
INSERT INTO PERFILES (ID_USUARIO, NOMBRE, AVATAR, TIPO_PERFIL) VALUES (22, 'Perfil 1', 'avatar6.png', 'ADULTO');
INSERT INTO PERFILES (ID_USUARIO, NOMBRE, AVATAR, TIPO_PERFIL) VALUES (23, 'Perfil 1', 'avatar7.png', 'ADULTO');
INSERT INTO PERFILES (ID_USUARIO, NOMBRE, AVATAR, TIPO_PERFIL) VALUES (24, 'Perfil 1', 'avatar0.png', 'ADULTO');
INSERT INTO PERFILES (ID_USUARIO, NOMBRE, AVATAR, TIPO_PERFIL) VALUES (25, 'Perfil 1', 'avatar1.png', 'INFANTIL');
INSERT INTO PERFILES (ID_USUARIO, NOMBRE, AVATAR, TIPO_PERFIL) VALUES (26, 'Perfil 1', 'avatar2.png', 'ADULTO');
INSERT INTO PERFILES (ID_USUARIO, NOMBRE, AVATAR, TIPO_PERFIL) VALUES (27, 'Perfil 1', 'avatar3.png', 'ADULTO');
INSERT INTO PERFILES (ID_USUARIO, NOMBRE, AVATAR, TIPO_PERFIL) VALUES (28, 'Perfil 1', 'avatar4.png', 'ADULTO');
INSERT INTO PERFILES (ID_USUARIO, NOMBRE, AVATAR, TIPO_PERFIL) VALUES (29, 'Perfil 1', 'avatar5.png', 'ADULTO');
INSERT INTO PERFILES (ID_USUARIO, NOMBRE, AVATAR, TIPO_PERFIL) VALUES (30, 'Perfil 1', 'avatar6.png', 'INFANTIL');
INSERT INTO PERFILES (ID_USUARIO, NOMBRE, AVATAR, TIPO_PERFIL) VALUES (1, 'Perfil 2', 'avatar7.png', 'ADULTO');
INSERT INTO PERFILES (ID_USUARIO, NOMBRE, AVATAR, TIPO_PERFIL) VALUES (2, 'Perfil 2', 'avatar0.png', 'ADULTO');
INSERT INTO PERFILES (ID_USUARIO, NOMBRE, AVATAR, TIPO_PERFIL) VALUES (3, 'Perfil 2', 'avatar1.png', 'ADULTO');
INSERT INTO PERFILES (ID_USUARIO, NOMBRE, AVATAR, TIPO_PERFIL) VALUES (4, 'Perfil 2', 'avatar2.png', 'ADULTO');
INSERT INTO PERFILES (ID_USUARIO, NOMBRE, AVATAR, TIPO_PERFIL) VALUES (5, 'Perfil 2', 'avatar3.png', 'INFANTIL');
INSERT INTO PERFILES (ID_USUARIO, NOMBRE, AVATAR, TIPO_PERFIL) VALUES (6, 'Perfil 2', 'avatar4.png', 'ADULTO');
INSERT INTO PERFILES (ID_USUARIO, NOMBRE, AVATAR, TIPO_PERFIL) VALUES (7, 'Perfil 2', 'avatar5.png', 'ADULTO');
INSERT INTO PERFILES (ID_USUARIO, NOMBRE, AVATAR, TIPO_PERFIL) VALUES (8, 'Perfil 2', 'avatar6.png', 'ADULTO');
INSERT INTO PERFILES (ID_USUARIO, NOMBRE, AVATAR, TIPO_PERFIL) VALUES (9, 'Perfil 2', 'avatar7.png', 'ADULTO');
INSERT INTO PERFILES (ID_USUARIO, NOMBRE, AVATAR, TIPO_PERFIL) VALUES (10, 'Perfil 2', 'avatar0.png', 'INFANTIL');
INSERT INTO PERFILES (ID_USUARIO, NOMBRE, AVATAR, TIPO_PERFIL) VALUES (11, 'Perfil 2', 'avatar1.png', 'ADULTO');
INSERT INTO PERFILES (ID_USUARIO, NOMBRE, AVATAR, TIPO_PERFIL) VALUES (12, 'Perfil 2', 'avatar2.png', 'ADULTO');
INSERT INTO PERFILES (ID_USUARIO, NOMBRE, AVATAR, TIPO_PERFIL) VALUES (13, 'Perfil 2', 'avatar3.png', 'ADULTO');
INSERT INTO PERFILES (ID_USUARIO, NOMBRE, AVATAR, TIPO_PERFIL) VALUES (14, 'Perfil 2', 'avatar4.png', 'ADULTO');
INSERT INTO PERFILES (ID_USUARIO, NOMBRE, AVATAR, TIPO_PERFIL) VALUES (15, 'Perfil 2', 'avatar5.png', 'INFANTIL');
INSERT INTO PERFILES (ID_USUARIO, NOMBRE, AVATAR, TIPO_PERFIL) VALUES (16, 'Perfil 2', 'avatar6.png', 'ADULTO');
INSERT INTO PERFILES (ID_USUARIO, NOMBRE, AVATAR, TIPO_PERFIL) VALUES (17, 'Perfil 2', 'avatar7.png', 'ADULTO');
INSERT INTO PERFILES (ID_USUARIO, NOMBRE, AVATAR, TIPO_PERFIL) VALUES (18, 'Perfil 2', 'avatar0.png', 'ADULTO');
INSERT INTO PERFILES (ID_USUARIO, NOMBRE, AVATAR, TIPO_PERFIL) VALUES (19, 'Perfil 2', 'avatar1.png', 'ADULTO');
INSERT INTO PERFILES (ID_USUARIO, NOMBRE, AVATAR, TIPO_PERFIL) VALUES (20, 'Perfil 2', 'avatar2.png', 'INFANTIL');

INSERT INTO CONTENIDO (ID_CATEGORIA, TITULO, ANIO_LANZAMIENTO, DURACION_MINUTOS, SINOPSIS, CLASIFICACION_EDAD, FECHA_AGREGADO, ORIGINAL_QUINDIOFLIX, ID_EMPLEADO_RESPONSABLE, POPULARIDAD) VALUES (1, 'Contenido QuindioFlix 1', 2011, 37, 'Sinopsis del contenido 1', 'MAS_7', DATE '2023-01-18', 'N', 1, 0);
INSERT INTO CONTENIDO_GENERO (ID_CONTENIDO, ID_GENERO) VALUES (1, 1);
INSERT INTO CONTENIDO_GENERO (ID_CONTENIDO, ID_GENERO) VALUES (1, 4);
INSERT INTO CONTENIDO (ID_CATEGORIA, TITULO, ANIO_LANZAMIENTO, DURACION_MINUTOS, SINOPSIS, CLASIFICACION_EDAD, FECHA_AGREGADO, ORIGINAL_QUINDIOFLIX, ID_EMPLEADO_RESPONSABLE, POPULARIDAD) VALUES (2, 'Contenido QuindioFlix 2', 2012, 44, 'Sinopsis del contenido 2', 'MAS_13', DATE '2023-02-04', 'N', 2, 0);
INSERT INTO CONTENIDO_GENERO (ID_CONTENIDO, ID_GENERO) VALUES (2, 2);
INSERT INTO CONTENIDO_GENERO (ID_CONTENIDO, ID_GENERO) VALUES (2, 5);
INSERT INTO CONTENIDO (ID_CATEGORIA, TITULO, ANIO_LANZAMIENTO, DURACION_MINUTOS, SINOPSIS, CLASIFICACION_EDAD, FECHA_AGREGADO, ORIGINAL_QUINDIOFLIX, ID_EMPLEADO_RESPONSABLE, POPULARIDAD) VALUES (3, 'Contenido QuindioFlix 3', 2013, 51, 'Sinopsis del contenido 3', 'MAS_16', DATE '2023-02-21', 'N', 3, 0);
INSERT INTO CONTENIDO_GENERO (ID_CONTENIDO, ID_GENERO) VALUES (3, 3);
INSERT INTO CONTENIDO_GENERO (ID_CONTENIDO, ID_GENERO) VALUES (3, 6);
INSERT INTO CONTENIDO (ID_CATEGORIA, TITULO, ANIO_LANZAMIENTO, DURACION_MINUTOS, SINOPSIS, CLASIFICACION_EDAD, FECHA_AGREGADO, ORIGINAL_QUINDIOFLIX, ID_EMPLEADO_RESPONSABLE, POPULARIDAD) VALUES (4, 'Contenido QuindioFlix 4', 2014, 58, 'Sinopsis del contenido 4', 'MAS_18', DATE '2023-03-10', 'S', 4, 0);
INSERT INTO CONTENIDO_GENERO (ID_CONTENIDO, ID_GENERO) VALUES (4, 4);
INSERT INTO CONTENIDO_GENERO (ID_CONTENIDO, ID_GENERO) VALUES (4, 7);
INSERT INTO CONTENIDO (ID_CATEGORIA, TITULO, ANIO_LANZAMIENTO, DURACION_MINUTOS, SINOPSIS, CLASIFICACION_EDAD, FECHA_AGREGADO, ORIGINAL_QUINDIOFLIX, ID_EMPLEADO_RESPONSABLE, POPULARIDAD) VALUES (5, 'Contenido QuindioFlix 5', 2015, 65, 'Sinopsis del contenido 5', 'TP', DATE '2023-03-27', 'N', 5, 0);
INSERT INTO CONTENIDO_GENERO (ID_CONTENIDO, ID_GENERO) VALUES (5, 5);
INSERT INTO CONTENIDO_GENERO (ID_CONTENIDO, ID_GENERO) VALUES (5, 8);
INSERT INTO CONTENIDO (ID_CATEGORIA, TITULO, ANIO_LANZAMIENTO, DURACION_MINUTOS, SINOPSIS, CLASIFICACION_EDAD, FECHA_AGREGADO, ORIGINAL_QUINDIOFLIX, ID_EMPLEADO_RESPONSABLE, POPULARIDAD) VALUES (1, 'Contenido QuindioFlix 6', 2016, 72, 'Sinopsis del contenido 6', 'MAS_7', DATE '2023-04-13', 'N', 6, 0);
INSERT INTO CONTENIDO_GENERO (ID_CONTENIDO, ID_GENERO) VALUES (6, 6);
INSERT INTO CONTENIDO_GENERO (ID_CONTENIDO, ID_GENERO) VALUES (6, 1);
INSERT INTO CONTENIDO (ID_CATEGORIA, TITULO, ANIO_LANZAMIENTO, DURACION_MINUTOS, SINOPSIS, CLASIFICACION_EDAD, FECHA_AGREGADO, ORIGINAL_QUINDIOFLIX, ID_EMPLEADO_RESPONSABLE, POPULARIDAD) VALUES (2, 'Contenido QuindioFlix 7', 2017, 79, 'Sinopsis del contenido 7', 'MAS_13', DATE '2023-04-30', 'N', 7, 0);
INSERT INTO CONTENIDO_GENERO (ID_CONTENIDO, ID_GENERO) VALUES (7, 7);
INSERT INTO CONTENIDO_GENERO (ID_CONTENIDO, ID_GENERO) VALUES (7, 2);
INSERT INTO CONTENIDO (ID_CATEGORIA, TITULO, ANIO_LANZAMIENTO, DURACION_MINUTOS, SINOPSIS, CLASIFICACION_EDAD, FECHA_AGREGADO, ORIGINAL_QUINDIOFLIX, ID_EMPLEADO_RESPONSABLE, POPULARIDAD) VALUES (3, 'Contenido QuindioFlix 8', 2018, 86, 'Sinopsis del contenido 8', 'MAS_16', DATE '2023-05-17', 'S', 8, 0);
INSERT INTO CONTENIDO_GENERO (ID_CONTENIDO, ID_GENERO) VALUES (8, 8);
INSERT INTO CONTENIDO_GENERO (ID_CONTENIDO, ID_GENERO) VALUES (8, 3);
INSERT INTO CONTENIDO (ID_CATEGORIA, TITULO, ANIO_LANZAMIENTO, DURACION_MINUTOS, SINOPSIS, CLASIFICACION_EDAD, FECHA_AGREGADO, ORIGINAL_QUINDIOFLIX, ID_EMPLEADO_RESPONSABLE, POPULARIDAD) VALUES (4, 'Contenido QuindioFlix 9', 2019, 93, 'Sinopsis del contenido 9', 'MAS_18', DATE '2023-06-03', 'N', 9, 0);
INSERT INTO CONTENIDO_GENERO (ID_CONTENIDO, ID_GENERO) VALUES (9, 1);
INSERT INTO CONTENIDO_GENERO (ID_CONTENIDO, ID_GENERO) VALUES (9, 4);
INSERT INTO CONTENIDO (ID_CATEGORIA, TITULO, ANIO_LANZAMIENTO, DURACION_MINUTOS, SINOPSIS, CLASIFICACION_EDAD, FECHA_AGREGADO, ORIGINAL_QUINDIOFLIX, ID_EMPLEADO_RESPONSABLE, POPULARIDAD) VALUES (5, 'Contenido QuindioFlix 10', 2020, 100, 'Sinopsis del contenido 10', 'TP', DATE '2023-06-20', 'N', 10, 0);
INSERT INTO CONTENIDO_GENERO (ID_CONTENIDO, ID_GENERO) VALUES (10, 2);
INSERT INTO CONTENIDO_GENERO (ID_CONTENIDO, ID_GENERO) VALUES (10, 5);
INSERT INTO CONTENIDO (ID_CATEGORIA, TITULO, ANIO_LANZAMIENTO, DURACION_MINUTOS, SINOPSIS, CLASIFICACION_EDAD, FECHA_AGREGADO, ORIGINAL_QUINDIOFLIX, ID_EMPLEADO_RESPONSABLE, POPULARIDAD) VALUES (1, 'Contenido QuindioFlix 11', 2021, 107, 'Sinopsis del contenido 11', 'MAS_7', DATE '2023-07-07', 'N', 1, 0);
INSERT INTO CONTENIDO_GENERO (ID_CONTENIDO, ID_GENERO) VALUES (11, 3);
INSERT INTO CONTENIDO_GENERO (ID_CONTENIDO, ID_GENERO) VALUES (11, 6);
INSERT INTO CONTENIDO (ID_CATEGORIA, TITULO, ANIO_LANZAMIENTO, DURACION_MINUTOS, SINOPSIS, CLASIFICACION_EDAD, FECHA_AGREGADO, ORIGINAL_QUINDIOFLIX, ID_EMPLEADO_RESPONSABLE, POPULARIDAD) VALUES (2, 'Contenido QuindioFlix 12', 2022, 114, 'Sinopsis del contenido 12', 'MAS_13', DATE '2023-07-24', 'S', 2, 0);
INSERT INTO CONTENIDO_GENERO (ID_CONTENIDO, ID_GENERO) VALUES (12, 4);
INSERT INTO CONTENIDO_GENERO (ID_CONTENIDO, ID_GENERO) VALUES (12, 7);
INSERT INTO CONTENIDO (ID_CATEGORIA, TITULO, ANIO_LANZAMIENTO, DURACION_MINUTOS, SINOPSIS, CLASIFICACION_EDAD, FECHA_AGREGADO, ORIGINAL_QUINDIOFLIX, ID_EMPLEADO_RESPONSABLE, POPULARIDAD) VALUES (3, 'Contenido QuindioFlix 13', 2023, 121, 'Sinopsis del contenido 13', 'MAS_16', DATE '2023-08-10', 'N', 3, 0);
INSERT INTO CONTENIDO_GENERO (ID_CONTENIDO, ID_GENERO) VALUES (13, 5);
INSERT INTO CONTENIDO_GENERO (ID_CONTENIDO, ID_GENERO) VALUES (13, 8);
INSERT INTO CONTENIDO (ID_CATEGORIA, TITULO, ANIO_LANZAMIENTO, DURACION_MINUTOS, SINOPSIS, CLASIFICACION_EDAD, FECHA_AGREGADO, ORIGINAL_QUINDIOFLIX, ID_EMPLEADO_RESPONSABLE, POPULARIDAD) VALUES (4, 'Contenido QuindioFlix 14', 2024, 128, 'Sinopsis del contenido 14', 'MAS_18', DATE '2023-08-27', 'N', 4, 0);
INSERT INTO CONTENIDO_GENERO (ID_CONTENIDO, ID_GENERO) VALUES (14, 6);
INSERT INTO CONTENIDO_GENERO (ID_CONTENIDO, ID_GENERO) VALUES (14, 1);
INSERT INTO CONTENIDO (ID_CATEGORIA, TITULO, ANIO_LANZAMIENTO, DURACION_MINUTOS, SINOPSIS, CLASIFICACION_EDAD, FECHA_AGREGADO, ORIGINAL_QUINDIOFLIX, ID_EMPLEADO_RESPONSABLE, POPULARIDAD) VALUES (5, 'Contenido QuindioFlix 15', 2025, 135, 'Sinopsis del contenido 15', 'TP', DATE '2023-09-13', 'N', 5, 0);
INSERT INTO CONTENIDO_GENERO (ID_CONTENIDO, ID_GENERO) VALUES (15, 7);
INSERT INTO CONTENIDO_GENERO (ID_CONTENIDO, ID_GENERO) VALUES (15, 2);
INSERT INTO CONTENIDO (ID_CATEGORIA, TITULO, ANIO_LANZAMIENTO, DURACION_MINUTOS, SINOPSIS, CLASIFICACION_EDAD, FECHA_AGREGADO, ORIGINAL_QUINDIOFLIX, ID_EMPLEADO_RESPONSABLE, POPULARIDAD) VALUES (1, 'Contenido QuindioFlix 16', 2010, 142, 'Sinopsis del contenido 16', 'MAS_7', DATE '2023-09-30', 'S', 6, 0);
INSERT INTO CONTENIDO_GENERO (ID_CONTENIDO, ID_GENERO) VALUES (16, 8);
INSERT INTO CONTENIDO_GENERO (ID_CONTENIDO, ID_GENERO) VALUES (16, 3);
INSERT INTO CONTENIDO (ID_CATEGORIA, TITULO, ANIO_LANZAMIENTO, DURACION_MINUTOS, SINOPSIS, CLASIFICACION_EDAD, FECHA_AGREGADO, ORIGINAL_QUINDIOFLIX, ID_EMPLEADO_RESPONSABLE, POPULARIDAD) VALUES (2, 'Contenido QuindioFlix 17', 2011, 149, 'Sinopsis del contenido 17', 'MAS_13', DATE '2023-10-17', 'N', 7, 0);
INSERT INTO CONTENIDO_GENERO (ID_CONTENIDO, ID_GENERO) VALUES (17, 1);
INSERT INTO CONTENIDO_GENERO (ID_CONTENIDO, ID_GENERO) VALUES (17, 4);
INSERT INTO CONTENIDO (ID_CATEGORIA, TITULO, ANIO_LANZAMIENTO, DURACION_MINUTOS, SINOPSIS, CLASIFICACION_EDAD, FECHA_AGREGADO, ORIGINAL_QUINDIOFLIX, ID_EMPLEADO_RESPONSABLE, POPULARIDAD) VALUES (3, 'Contenido QuindioFlix 18', 2012, 36, 'Sinopsis del contenido 18', 'MAS_16', DATE '2023-11-03', 'N', 8, 0);
INSERT INTO CONTENIDO_GENERO (ID_CONTENIDO, ID_GENERO) VALUES (18, 2);
INSERT INTO CONTENIDO_GENERO (ID_CONTENIDO, ID_GENERO) VALUES (18, 5);
INSERT INTO CONTENIDO (ID_CATEGORIA, TITULO, ANIO_LANZAMIENTO, DURACION_MINUTOS, SINOPSIS, CLASIFICACION_EDAD, FECHA_AGREGADO, ORIGINAL_QUINDIOFLIX, ID_EMPLEADO_RESPONSABLE, POPULARIDAD) VALUES (4, 'Contenido QuindioFlix 19', 2013, 43, 'Sinopsis del contenido 19', 'MAS_18', DATE '2023-11-20', 'N', 9, 0);
INSERT INTO CONTENIDO_GENERO (ID_CONTENIDO, ID_GENERO) VALUES (19, 3);
INSERT INTO CONTENIDO_GENERO (ID_CONTENIDO, ID_GENERO) VALUES (19, 6);
INSERT INTO CONTENIDO (ID_CATEGORIA, TITULO, ANIO_LANZAMIENTO, DURACION_MINUTOS, SINOPSIS, CLASIFICACION_EDAD, FECHA_AGREGADO, ORIGINAL_QUINDIOFLIX, ID_EMPLEADO_RESPONSABLE, POPULARIDAD) VALUES (5, 'Contenido QuindioFlix 20', 2014, 50, 'Sinopsis del contenido 20', 'TP', DATE '2023-12-07', 'S', 10, 0);
INSERT INTO CONTENIDO_GENERO (ID_CONTENIDO, ID_GENERO) VALUES (20, 4);
INSERT INTO CONTENIDO_GENERO (ID_CONTENIDO, ID_GENERO) VALUES (20, 7);
INSERT INTO CONTENIDO (ID_CATEGORIA, TITULO, ANIO_LANZAMIENTO, DURACION_MINUTOS, SINOPSIS, CLASIFICACION_EDAD, FECHA_AGREGADO, ORIGINAL_QUINDIOFLIX, ID_EMPLEADO_RESPONSABLE, POPULARIDAD) VALUES (1, 'Contenido QuindioFlix 21', 2015, 57, 'Sinopsis del contenido 21', 'MAS_7', DATE '2023-12-24', 'N', 1, 0);
INSERT INTO CONTENIDO_GENERO (ID_CONTENIDO, ID_GENERO) VALUES (21, 5);
INSERT INTO CONTENIDO_GENERO (ID_CONTENIDO, ID_GENERO) VALUES (21, 8);
INSERT INTO CONTENIDO (ID_CATEGORIA, TITULO, ANIO_LANZAMIENTO, DURACION_MINUTOS, SINOPSIS, CLASIFICACION_EDAD, FECHA_AGREGADO, ORIGINAL_QUINDIOFLIX, ID_EMPLEADO_RESPONSABLE, POPULARIDAD) VALUES (2, 'Contenido QuindioFlix 22', 2016, 64, 'Sinopsis del contenido 22', 'MAS_13', DATE '2024-01-10', 'N', 2, 0);
INSERT INTO CONTENIDO_GENERO (ID_CONTENIDO, ID_GENERO) VALUES (22, 6);
INSERT INTO CONTENIDO_GENERO (ID_CONTENIDO, ID_GENERO) VALUES (22, 1);
INSERT INTO CONTENIDO (ID_CATEGORIA, TITULO, ANIO_LANZAMIENTO, DURACION_MINUTOS, SINOPSIS, CLASIFICACION_EDAD, FECHA_AGREGADO, ORIGINAL_QUINDIOFLIX, ID_EMPLEADO_RESPONSABLE, POPULARIDAD) VALUES (3, 'Contenido QuindioFlix 23', 2017, 71, 'Sinopsis del contenido 23', 'MAS_16', DATE '2024-01-27', 'N', 3, 0);
INSERT INTO CONTENIDO_GENERO (ID_CONTENIDO, ID_GENERO) VALUES (23, 7);
INSERT INTO CONTENIDO_GENERO (ID_CONTENIDO, ID_GENERO) VALUES (23, 2);
INSERT INTO CONTENIDO (ID_CATEGORIA, TITULO, ANIO_LANZAMIENTO, DURACION_MINUTOS, SINOPSIS, CLASIFICACION_EDAD, FECHA_AGREGADO, ORIGINAL_QUINDIOFLIX, ID_EMPLEADO_RESPONSABLE, POPULARIDAD) VALUES (4, 'Contenido QuindioFlix 24', 2018, 78, 'Sinopsis del contenido 24', 'MAS_18', DATE '2024-02-13', 'S', 4, 0);
INSERT INTO CONTENIDO_GENERO (ID_CONTENIDO, ID_GENERO) VALUES (24, 8);
INSERT INTO CONTENIDO_GENERO (ID_CONTENIDO, ID_GENERO) VALUES (24, 3);
INSERT INTO CONTENIDO (ID_CATEGORIA, TITULO, ANIO_LANZAMIENTO, DURACION_MINUTOS, SINOPSIS, CLASIFICACION_EDAD, FECHA_AGREGADO, ORIGINAL_QUINDIOFLIX, ID_EMPLEADO_RESPONSABLE, POPULARIDAD) VALUES (5, 'Contenido QuindioFlix 25', 2019, 85, 'Sinopsis del contenido 25', 'TP', DATE '2024-03-01', 'N', 5, 0);
INSERT INTO CONTENIDO_GENERO (ID_CONTENIDO, ID_GENERO) VALUES (25, 1);
INSERT INTO CONTENIDO_GENERO (ID_CONTENIDO, ID_GENERO) VALUES (25, 4);
INSERT INTO CONTENIDO (ID_CATEGORIA, TITULO, ANIO_LANZAMIENTO, DURACION_MINUTOS, SINOPSIS, CLASIFICACION_EDAD, FECHA_AGREGADO, ORIGINAL_QUINDIOFLIX, ID_EMPLEADO_RESPONSABLE, POPULARIDAD) VALUES (1, 'Contenido QuindioFlix 26', 2020, 92, 'Sinopsis del contenido 26', 'MAS_7', DATE '2024-03-18', 'N', 6, 0);
INSERT INTO CONTENIDO_GENERO (ID_CONTENIDO, ID_GENERO) VALUES (26, 2);
INSERT INTO CONTENIDO_GENERO (ID_CONTENIDO, ID_GENERO) VALUES (26, 5);
INSERT INTO CONTENIDO (ID_CATEGORIA, TITULO, ANIO_LANZAMIENTO, DURACION_MINUTOS, SINOPSIS, CLASIFICACION_EDAD, FECHA_AGREGADO, ORIGINAL_QUINDIOFLIX, ID_EMPLEADO_RESPONSABLE, POPULARIDAD) VALUES (2, 'Contenido QuindioFlix 27', 2021, 99, 'Sinopsis del contenido 27', 'MAS_13', DATE '2024-04-04', 'N', 7, 0);
INSERT INTO CONTENIDO_GENERO (ID_CONTENIDO, ID_GENERO) VALUES (27, 3);
INSERT INTO CONTENIDO_GENERO (ID_CONTENIDO, ID_GENERO) VALUES (27, 6);
INSERT INTO CONTENIDO (ID_CATEGORIA, TITULO, ANIO_LANZAMIENTO, DURACION_MINUTOS, SINOPSIS, CLASIFICACION_EDAD, FECHA_AGREGADO, ORIGINAL_QUINDIOFLIX, ID_EMPLEADO_RESPONSABLE, POPULARIDAD) VALUES (3, 'Contenido QuindioFlix 28', 2022, 106, 'Sinopsis del contenido 28', 'MAS_16', DATE '2024-04-21', 'S', 8, 0);
INSERT INTO CONTENIDO_GENERO (ID_CONTENIDO, ID_GENERO) VALUES (28, 4);
INSERT INTO CONTENIDO_GENERO (ID_CONTENIDO, ID_GENERO) VALUES (28, 7);
INSERT INTO CONTENIDO (ID_CATEGORIA, TITULO, ANIO_LANZAMIENTO, DURACION_MINUTOS, SINOPSIS, CLASIFICACION_EDAD, FECHA_AGREGADO, ORIGINAL_QUINDIOFLIX, ID_EMPLEADO_RESPONSABLE, POPULARIDAD) VALUES (4, 'Contenido QuindioFlix 29', 2023, 113, 'Sinopsis del contenido 29', 'MAS_18', DATE '2024-05-08', 'N', 9, 0);
INSERT INTO CONTENIDO_GENERO (ID_CONTENIDO, ID_GENERO) VALUES (29, 5);
INSERT INTO CONTENIDO_GENERO (ID_CONTENIDO, ID_GENERO) VALUES (29, 8);
INSERT INTO CONTENIDO (ID_CATEGORIA, TITULO, ANIO_LANZAMIENTO, DURACION_MINUTOS, SINOPSIS, CLASIFICACION_EDAD, FECHA_AGREGADO, ORIGINAL_QUINDIOFLIX, ID_EMPLEADO_RESPONSABLE, POPULARIDAD) VALUES (5, 'Contenido QuindioFlix 30', 2024, 120, 'Sinopsis del contenido 30', 'TP', DATE '2024-05-25', 'N', 10, 0);
INSERT INTO CONTENIDO_GENERO (ID_CONTENIDO, ID_GENERO) VALUES (30, 6);
INSERT INTO CONTENIDO_GENERO (ID_CONTENIDO, ID_GENERO) VALUES (30, 1);
INSERT INTO CONTENIDO (ID_CATEGORIA, TITULO, ANIO_LANZAMIENTO, DURACION_MINUTOS, SINOPSIS, CLASIFICACION_EDAD, FECHA_AGREGADO, ORIGINAL_QUINDIOFLIX, ID_EMPLEADO_RESPONSABLE, POPULARIDAD) VALUES (1, 'Contenido QuindioFlix 31', 2025, 127, 'Sinopsis del contenido 31', 'MAS_7', DATE '2024-06-11', 'N', 1, 0);
INSERT INTO CONTENIDO_GENERO (ID_CONTENIDO, ID_GENERO) VALUES (31, 7);
INSERT INTO CONTENIDO_GENERO (ID_CONTENIDO, ID_GENERO) VALUES (31, 2);
INSERT INTO CONTENIDO (ID_CATEGORIA, TITULO, ANIO_LANZAMIENTO, DURACION_MINUTOS, SINOPSIS, CLASIFICACION_EDAD, FECHA_AGREGADO, ORIGINAL_QUINDIOFLIX, ID_EMPLEADO_RESPONSABLE, POPULARIDAD) VALUES (2, 'Contenido QuindioFlix 32', 2010, 134, 'Sinopsis del contenido 32', 'MAS_13', DATE '2024-06-28', 'S', 2, 0);
INSERT INTO CONTENIDO_GENERO (ID_CONTENIDO, ID_GENERO) VALUES (32, 8);
INSERT INTO CONTENIDO_GENERO (ID_CONTENIDO, ID_GENERO) VALUES (32, 3);
INSERT INTO CONTENIDO (ID_CATEGORIA, TITULO, ANIO_LANZAMIENTO, DURACION_MINUTOS, SINOPSIS, CLASIFICACION_EDAD, FECHA_AGREGADO, ORIGINAL_QUINDIOFLIX, ID_EMPLEADO_RESPONSABLE, POPULARIDAD) VALUES (3, 'Contenido QuindioFlix 33', 2011, 141, 'Sinopsis del contenido 33', 'MAS_16', DATE '2024-07-15', 'N', 3, 0);
INSERT INTO CONTENIDO_GENERO (ID_CONTENIDO, ID_GENERO) VALUES (33, 1);
INSERT INTO CONTENIDO_GENERO (ID_CONTENIDO, ID_GENERO) VALUES (33, 4);
INSERT INTO CONTENIDO (ID_CATEGORIA, TITULO, ANIO_LANZAMIENTO, DURACION_MINUTOS, SINOPSIS, CLASIFICACION_EDAD, FECHA_AGREGADO, ORIGINAL_QUINDIOFLIX, ID_EMPLEADO_RESPONSABLE, POPULARIDAD) VALUES (4, 'Contenido QuindioFlix 34', 2012, 148, 'Sinopsis del contenido 34', 'MAS_18', DATE '2024-08-01', 'N', 4, 0);
INSERT INTO CONTENIDO_GENERO (ID_CONTENIDO, ID_GENERO) VALUES (34, 2);
INSERT INTO CONTENIDO_GENERO (ID_CONTENIDO, ID_GENERO) VALUES (34, 5);
INSERT INTO CONTENIDO (ID_CATEGORIA, TITULO, ANIO_LANZAMIENTO, DURACION_MINUTOS, SINOPSIS, CLASIFICACION_EDAD, FECHA_AGREGADO, ORIGINAL_QUINDIOFLIX, ID_EMPLEADO_RESPONSABLE, POPULARIDAD) VALUES (5, 'Contenido QuindioFlix 35', 2013, 35, 'Sinopsis del contenido 35', 'TP', DATE '2024-08-18', 'N', 5, 0);
INSERT INTO CONTENIDO_GENERO (ID_CONTENIDO, ID_GENERO) VALUES (35, 3);
INSERT INTO CONTENIDO_GENERO (ID_CONTENIDO, ID_GENERO) VALUES (35, 6);
INSERT INTO CONTENIDO (ID_CATEGORIA, TITULO, ANIO_LANZAMIENTO, DURACION_MINUTOS, SINOPSIS, CLASIFICACION_EDAD, FECHA_AGREGADO, ORIGINAL_QUINDIOFLIX, ID_EMPLEADO_RESPONSABLE, POPULARIDAD) VALUES (1, 'Contenido QuindioFlix 36', 2014, 42, 'Sinopsis del contenido 36', 'MAS_7', DATE '2024-09-04', 'S', 6, 0);
INSERT INTO CONTENIDO_GENERO (ID_CONTENIDO, ID_GENERO) VALUES (36, 4);
INSERT INTO CONTENIDO_GENERO (ID_CONTENIDO, ID_GENERO) VALUES (36, 7);
INSERT INTO CONTENIDO (ID_CATEGORIA, TITULO, ANIO_LANZAMIENTO, DURACION_MINUTOS, SINOPSIS, CLASIFICACION_EDAD, FECHA_AGREGADO, ORIGINAL_QUINDIOFLIX, ID_EMPLEADO_RESPONSABLE, POPULARIDAD) VALUES (2, 'Contenido QuindioFlix 37', 2015, 49, 'Sinopsis del contenido 37', 'MAS_13', DATE '2024-09-21', 'N', 7, 0);
INSERT INTO CONTENIDO_GENERO (ID_CONTENIDO, ID_GENERO) VALUES (37, 5);
INSERT INTO CONTENIDO_GENERO (ID_CONTENIDO, ID_GENERO) VALUES (37, 8);
INSERT INTO CONTENIDO (ID_CATEGORIA, TITULO, ANIO_LANZAMIENTO, DURACION_MINUTOS, SINOPSIS, CLASIFICACION_EDAD, FECHA_AGREGADO, ORIGINAL_QUINDIOFLIX, ID_EMPLEADO_RESPONSABLE, POPULARIDAD) VALUES (3, 'Contenido QuindioFlix 38', 2016, 56, 'Sinopsis del contenido 38', 'MAS_16', DATE '2024-10-08', 'N', 8, 0);
INSERT INTO CONTENIDO_GENERO (ID_CONTENIDO, ID_GENERO) VALUES (38, 6);
INSERT INTO CONTENIDO_GENERO (ID_CONTENIDO, ID_GENERO) VALUES (38, 1);
INSERT INTO CONTENIDO (ID_CATEGORIA, TITULO, ANIO_LANZAMIENTO, DURACION_MINUTOS, SINOPSIS, CLASIFICACION_EDAD, FECHA_AGREGADO, ORIGINAL_QUINDIOFLIX, ID_EMPLEADO_RESPONSABLE, POPULARIDAD) VALUES (4, 'Contenido QuindioFlix 39', 2017, 63, 'Sinopsis del contenido 39', 'MAS_18', DATE '2024-10-25', 'N', 9, 0);
INSERT INTO CONTENIDO_GENERO (ID_CONTENIDO, ID_GENERO) VALUES (39, 7);
INSERT INTO CONTENIDO_GENERO (ID_CONTENIDO, ID_GENERO) VALUES (39, 2);
INSERT INTO CONTENIDO (ID_CATEGORIA, TITULO, ANIO_LANZAMIENTO, DURACION_MINUTOS, SINOPSIS, CLASIFICACION_EDAD, FECHA_AGREGADO, ORIGINAL_QUINDIOFLIX, ID_EMPLEADO_RESPONSABLE, POPULARIDAD) VALUES (5, 'Contenido QuindioFlix 40', 2018, 70, 'Sinopsis del contenido 40', 'TP', DATE '2024-11-11', 'S', 10, 0);
INSERT INTO CONTENIDO_GENERO (ID_CONTENIDO, ID_GENERO) VALUES (40, 8);
INSERT INTO CONTENIDO_GENERO (ID_CONTENIDO, ID_GENERO) VALUES (40, 3);

INSERT INTO TEMPORADAS (ID_CONTENIDO, NUMERO_TEMPORADA, TITULO, FECHA_LANZAMIENTO) VALUES (2, 1, 'Temporada serie 1', DATE '2024-01-31');
INSERT INTO TEMPORADAS (ID_CONTENIDO, NUMERO_TEMPORADA, TITULO, FECHA_LANZAMIENTO) VALUES (7, 1, 'Temporada serie 2', DATE '2024-03-01');
INSERT INTO TEMPORADAS (ID_CONTENIDO, NUMERO_TEMPORADA, TITULO, FECHA_LANZAMIENTO) VALUES (12, 1, 'Temporada serie 3', DATE '2024-03-31');
INSERT INTO TEMPORADAS (ID_CONTENIDO, NUMERO_TEMPORADA, TITULO, FECHA_LANZAMIENTO) VALUES (17, 1, 'Temporada serie 4', DATE '2024-04-30');
INSERT INTO TEMPORADAS (ID_CONTENIDO, NUMERO_TEMPORADA, TITULO, FECHA_LANZAMIENTO) VALUES (22, 1, 'Temporada serie 5', DATE '2024-05-30');
INSERT INTO TEMPORADAS (ID_CONTENIDO, NUMERO_TEMPORADA, TITULO, FECHA_LANZAMIENTO) VALUES (27, 1, 'Temporada serie 6', DATE '2024-06-29');
INSERT INTO TEMPORADAS (ID_CONTENIDO, NUMERO_TEMPORADA, TITULO, FECHA_LANZAMIENTO) VALUES (32, 1, 'Temporada serie 7', DATE '2024-07-29');
INSERT INTO TEMPORADAS (ID_CONTENIDO, NUMERO_TEMPORADA, TITULO, FECHA_LANZAMIENTO) VALUES (37, 1, 'Temporada serie 8', DATE '2024-08-28');
INSERT INTO TEMPORADAS (ID_CONTENIDO, NUMERO_TEMPORADA, TITULO, FECHA_LANZAMIENTO) VALUES (5, 1, 'Temporada podcast 1', DATE '2024-02-26');
INSERT INTO TEMPORADAS (ID_CONTENIDO, NUMERO_TEMPORADA, TITULO, FECHA_LANZAMIENTO) VALUES (10, 1, 'Temporada podcast 2', DATE '2024-03-22');
INSERT INTO TEMPORADAS (ID_CONTENIDO, NUMERO_TEMPORADA, TITULO, FECHA_LANZAMIENTO) VALUES (15, 1, 'Temporada podcast 3', DATE '2024-04-16');
INSERT INTO TEMPORADAS (ID_CONTENIDO, NUMERO_TEMPORADA, TITULO, FECHA_LANZAMIENTO) VALUES (20, 1, 'Temporada podcast 4', DATE '2024-05-11');
INSERT INTO TEMPORADAS (ID_CONTENIDO, NUMERO_TEMPORADA, TITULO, FECHA_LANZAMIENTO) VALUES (25, 1, 'Temporada podcast 5', DATE '2024-06-05');
INSERT INTO TEMPORADAS (ID_CONTENIDO, NUMERO_TEMPORADA, TITULO, FECHA_LANZAMIENTO) VALUES (30, 1, 'Temporada podcast 6', DATE '2024-06-30');
INSERT INTO TEMPORADAS (ID_CONTENIDO, NUMERO_TEMPORADA, TITULO, FECHA_LANZAMIENTO) VALUES (35, 1, 'Temporada podcast 7', DATE '2024-07-25');

INSERT INTO EPISODIOS (ID_TEMPORADA, NUMERO_EPISODIO, TITULO, DURACION_MINUTOS, SINOPSIS) VALUES (1, 1, 'Episodio 1', 21, 'Sinopsis episodio 1');
INSERT INTO EPISODIOS (ID_TEMPORADA, NUMERO_EPISODIO, TITULO, DURACION_MINUTOS, SINOPSIS) VALUES (2, 1, 'Episodio 2', 22, 'Sinopsis episodio 2');
INSERT INTO EPISODIOS (ID_TEMPORADA, NUMERO_EPISODIO, TITULO, DURACION_MINUTOS, SINOPSIS) VALUES (3, 1, 'Episodio 3', 23, 'Sinopsis episodio 3');
INSERT INTO EPISODIOS (ID_TEMPORADA, NUMERO_EPISODIO, TITULO, DURACION_MINUTOS, SINOPSIS) VALUES (4, 1, 'Episodio 4', 24, 'Sinopsis episodio 4');
INSERT INTO EPISODIOS (ID_TEMPORADA, NUMERO_EPISODIO, TITULO, DURACION_MINUTOS, SINOPSIS) VALUES (5, 1, 'Episodio 5', 25, 'Sinopsis episodio 5');
INSERT INTO EPISODIOS (ID_TEMPORADA, NUMERO_EPISODIO, TITULO, DURACION_MINUTOS, SINOPSIS) VALUES (6, 1, 'Episodio 6', 26, 'Sinopsis episodio 6');
INSERT INTO EPISODIOS (ID_TEMPORADA, NUMERO_EPISODIO, TITULO, DURACION_MINUTOS, SINOPSIS) VALUES (7, 1, 'Episodio 7', 27, 'Sinopsis episodio 7');
INSERT INTO EPISODIOS (ID_TEMPORADA, NUMERO_EPISODIO, TITULO, DURACION_MINUTOS, SINOPSIS) VALUES (8, 1, 'Episodio 8', 28, 'Sinopsis episodio 8');
INSERT INTO EPISODIOS (ID_TEMPORADA, NUMERO_EPISODIO, TITULO, DURACION_MINUTOS, SINOPSIS) VALUES (9, 1, 'Episodio 9', 29, 'Sinopsis episodio 9');
INSERT INTO EPISODIOS (ID_TEMPORADA, NUMERO_EPISODIO, TITULO, DURACION_MINUTOS, SINOPSIS) VALUES (10, 1, 'Episodio 10', 30, 'Sinopsis episodio 10');
INSERT INTO EPISODIOS (ID_TEMPORADA, NUMERO_EPISODIO, TITULO, DURACION_MINUTOS, SINOPSIS) VALUES (11, 1, 'Episodio 11', 31, 'Sinopsis episodio 11');
INSERT INTO EPISODIOS (ID_TEMPORADA, NUMERO_EPISODIO, TITULO, DURACION_MINUTOS, SINOPSIS) VALUES (12, 1, 'Episodio 12', 32, 'Sinopsis episodio 12');
INSERT INTO EPISODIOS (ID_TEMPORADA, NUMERO_EPISODIO, TITULO, DURACION_MINUTOS, SINOPSIS) VALUES (13, 1, 'Episodio 13', 33, 'Sinopsis episodio 13');
INSERT INTO EPISODIOS (ID_TEMPORADA, NUMERO_EPISODIO, TITULO, DURACION_MINUTOS, SINOPSIS) VALUES (14, 1, 'Episodio 14', 34, 'Sinopsis episodio 14');
INSERT INTO EPISODIOS (ID_TEMPORADA, NUMERO_EPISODIO, TITULO, DURACION_MINUTOS, SINOPSIS) VALUES (15, 1, 'Episodio 15', 35, 'Sinopsis episodio 15');
INSERT INTO EPISODIOS (ID_TEMPORADA, NUMERO_EPISODIO, TITULO, DURACION_MINUTOS, SINOPSIS) VALUES (1, 2, 'Episodio 16', 36, 'Sinopsis episodio 16');
INSERT INTO EPISODIOS (ID_TEMPORADA, NUMERO_EPISODIO, TITULO, DURACION_MINUTOS, SINOPSIS) VALUES (2, 2, 'Episodio 17', 37, 'Sinopsis episodio 17');
INSERT INTO EPISODIOS (ID_TEMPORADA, NUMERO_EPISODIO, TITULO, DURACION_MINUTOS, SINOPSIS) VALUES (3, 2, 'Episodio 18', 38, 'Sinopsis episodio 18');
INSERT INTO EPISODIOS (ID_TEMPORADA, NUMERO_EPISODIO, TITULO, DURACION_MINUTOS, SINOPSIS) VALUES (4, 2, 'Episodio 19', 39, 'Sinopsis episodio 19');
INSERT INTO EPISODIOS (ID_TEMPORADA, NUMERO_EPISODIO, TITULO, DURACION_MINUTOS, SINOPSIS) VALUES (5, 2, 'Episodio 20', 40, 'Sinopsis episodio 20');
INSERT INTO EPISODIOS (ID_TEMPORADA, NUMERO_EPISODIO, TITULO, DURACION_MINUTOS, SINOPSIS) VALUES (6, 2, 'Episodio 21', 41, 'Sinopsis episodio 21');
INSERT INTO EPISODIOS (ID_TEMPORADA, NUMERO_EPISODIO, TITULO, DURACION_MINUTOS, SINOPSIS) VALUES (7, 2, 'Episodio 22', 42, 'Sinopsis episodio 22');
INSERT INTO EPISODIOS (ID_TEMPORADA, NUMERO_EPISODIO, TITULO, DURACION_MINUTOS, SINOPSIS) VALUES (8, 2, 'Episodio 23', 43, 'Sinopsis episodio 23');
INSERT INTO EPISODIOS (ID_TEMPORADA, NUMERO_EPISODIO, TITULO, DURACION_MINUTOS, SINOPSIS) VALUES (9, 2, 'Episodio 24', 44, 'Sinopsis episodio 24');
INSERT INTO EPISODIOS (ID_TEMPORADA, NUMERO_EPISODIO, TITULO, DURACION_MINUTOS, SINOPSIS) VALUES (10, 2, 'Episodio 25', 45, 'Sinopsis episodio 25');
INSERT INTO EPISODIOS (ID_TEMPORADA, NUMERO_EPISODIO, TITULO, DURACION_MINUTOS, SINOPSIS) VALUES (11, 2, 'Episodio 26', 46, 'Sinopsis episodio 26');
INSERT INTO EPISODIOS (ID_TEMPORADA, NUMERO_EPISODIO, TITULO, DURACION_MINUTOS, SINOPSIS) VALUES (12, 2, 'Episodio 27', 47, 'Sinopsis episodio 27');
INSERT INTO EPISODIOS (ID_TEMPORADA, NUMERO_EPISODIO, TITULO, DURACION_MINUTOS, SINOPSIS) VALUES (13, 2, 'Episodio 28', 48, 'Sinopsis episodio 28');
INSERT INTO EPISODIOS (ID_TEMPORADA, NUMERO_EPISODIO, TITULO, DURACION_MINUTOS, SINOPSIS) VALUES (14, 2, 'Episodio 29', 49, 'Sinopsis episodio 29');
INSERT INTO EPISODIOS (ID_TEMPORADA, NUMERO_EPISODIO, TITULO, DURACION_MINUTOS, SINOPSIS) VALUES (15, 2, 'Episodio 30', 50, 'Sinopsis episodio 30');
INSERT INTO EPISODIOS (ID_TEMPORADA, NUMERO_EPISODIO, TITULO, DURACION_MINUTOS, SINOPSIS) VALUES (1, 3, 'Episodio 31', 51, 'Sinopsis episodio 31');
INSERT INTO EPISODIOS (ID_TEMPORADA, NUMERO_EPISODIO, TITULO, DURACION_MINUTOS, SINOPSIS) VALUES (2, 3, 'Episodio 32', 52, 'Sinopsis episodio 32');
INSERT INTO EPISODIOS (ID_TEMPORADA, NUMERO_EPISODIO, TITULO, DURACION_MINUTOS, SINOPSIS) VALUES (3, 3, 'Episodio 33', 53, 'Sinopsis episodio 33');
INSERT INTO EPISODIOS (ID_TEMPORADA, NUMERO_EPISODIO, TITULO, DURACION_MINUTOS, SINOPSIS) VALUES (4, 3, 'Episodio 34', 54, 'Sinopsis episodio 34');
INSERT INTO EPISODIOS (ID_TEMPORADA, NUMERO_EPISODIO, TITULO, DURACION_MINUTOS, SINOPSIS) VALUES (5, 3, 'Episodio 35', 55, 'Sinopsis episodio 35');
INSERT INTO EPISODIOS (ID_TEMPORADA, NUMERO_EPISODIO, TITULO, DURACION_MINUTOS, SINOPSIS) VALUES (6, 3, 'Episodio 36', 56, 'Sinopsis episodio 36');
INSERT INTO EPISODIOS (ID_TEMPORADA, NUMERO_EPISODIO, TITULO, DURACION_MINUTOS, SINOPSIS) VALUES (7, 3, 'Episodio 37', 57, 'Sinopsis episodio 37');
INSERT INTO EPISODIOS (ID_TEMPORADA, NUMERO_EPISODIO, TITULO, DURACION_MINUTOS, SINOPSIS) VALUES (8, 3, 'Episodio 38', 58, 'Sinopsis episodio 38');
INSERT INTO EPISODIOS (ID_TEMPORADA, NUMERO_EPISODIO, TITULO, DURACION_MINUTOS, SINOPSIS) VALUES (9, 3, 'Episodio 39', 59, 'Sinopsis episodio 39');
INSERT INTO EPISODIOS (ID_TEMPORADA, NUMERO_EPISODIO, TITULO, DURACION_MINUTOS, SINOPSIS) VALUES (10, 3, 'Episodio 40', 60, 'Sinopsis episodio 40');
INSERT INTO EPISODIOS (ID_TEMPORADA, NUMERO_EPISODIO, TITULO, DURACION_MINUTOS, SINOPSIS) VALUES (11, 3, 'Episodio 41', 61, 'Sinopsis episodio 41');
INSERT INTO EPISODIOS (ID_TEMPORADA, NUMERO_EPISODIO, TITULO, DURACION_MINUTOS, SINOPSIS) VALUES (12, 3, 'Episodio 42', 62, 'Sinopsis episodio 42');
INSERT INTO EPISODIOS (ID_TEMPORADA, NUMERO_EPISODIO, TITULO, DURACION_MINUTOS, SINOPSIS) VALUES (13, 3, 'Episodio 43', 63, 'Sinopsis episodio 43');
INSERT INTO EPISODIOS (ID_TEMPORADA, NUMERO_EPISODIO, TITULO, DURACION_MINUTOS, SINOPSIS) VALUES (14, 3, 'Episodio 44', 64, 'Sinopsis episodio 44');
INSERT INTO EPISODIOS (ID_TEMPORADA, NUMERO_EPISODIO, TITULO, DURACION_MINUTOS, SINOPSIS) VALUES (15, 3, 'Episodio 45', 65, 'Sinopsis episodio 45');
INSERT INTO EPISODIOS (ID_TEMPORADA, NUMERO_EPISODIO, TITULO, DURACION_MINUTOS, SINOPSIS) VALUES (1, 4, 'Episodio 46', 66, 'Sinopsis episodio 46');
INSERT INTO EPISODIOS (ID_TEMPORADA, NUMERO_EPISODIO, TITULO, DURACION_MINUTOS, SINOPSIS) VALUES (2, 4, 'Episodio 47', 67, 'Sinopsis episodio 47');
INSERT INTO EPISODIOS (ID_TEMPORADA, NUMERO_EPISODIO, TITULO, DURACION_MINUTOS, SINOPSIS) VALUES (3, 4, 'Episodio 48', 68, 'Sinopsis episodio 48');
INSERT INTO EPISODIOS (ID_TEMPORADA, NUMERO_EPISODIO, TITULO, DURACION_MINUTOS, SINOPSIS) VALUES (4, 4, 'Episodio 49', 69, 'Sinopsis episodio 49');
INSERT INTO EPISODIOS (ID_TEMPORADA, NUMERO_EPISODIO, TITULO, DURACION_MINUTOS, SINOPSIS) VALUES (5, 4, 'Episodio 50', 20, 'Sinopsis episodio 50');

INSERT INTO CONTENIDO_RELACIONADO (ID_CONTENIDO_ORIGEN, ID_CONTENIDO_DESTINO, TIPO_RELACION, DESCRIPCION) VALUES (1, 11, 'SPIN_OFF', 'Relación editorial entre contenidos');
INSERT INTO CONTENIDO_RELACIONADO (ID_CONTENIDO_ORIGEN, ID_CONTENIDO_DESTINO, TIPO_RELACION, DESCRIPCION) VALUES (2, 12, 'SECUELA', 'Relación editorial entre contenidos');
INSERT INTO CONTENIDO_RELACIONADO (ID_CONTENIDO_ORIGEN, ID_CONTENIDO_DESTINO, TIPO_RELACION, DESCRIPCION) VALUES (3, 13, 'SPIN_OFF', 'Relación editorial entre contenidos');
INSERT INTO CONTENIDO_RELACIONADO (ID_CONTENIDO_ORIGEN, ID_CONTENIDO_DESTINO, TIPO_RELACION, DESCRIPCION) VALUES (4, 14, 'SECUELA', 'Relación editorial entre contenidos');
INSERT INTO CONTENIDO_RELACIONADO (ID_CONTENIDO_ORIGEN, ID_CONTENIDO_DESTINO, TIPO_RELACION, DESCRIPCION) VALUES (5, 15, 'SPIN_OFF', 'Relación editorial entre contenidos');
INSERT INTO CONTENIDO_RELACIONADO (ID_CONTENIDO_ORIGEN, ID_CONTENIDO_DESTINO, TIPO_RELACION, DESCRIPCION) VALUES (6, 16, 'SECUELA', 'Relación editorial entre contenidos');
INSERT INTO CONTENIDO_RELACIONADO (ID_CONTENIDO_ORIGEN, ID_CONTENIDO_DESTINO, TIPO_RELACION, DESCRIPCION) VALUES (7, 17, 'SPIN_OFF', 'Relación editorial entre contenidos');
INSERT INTO CONTENIDO_RELACIONADO (ID_CONTENIDO_ORIGEN, ID_CONTENIDO_DESTINO, TIPO_RELACION, DESCRIPCION) VALUES (8, 18, 'SECUELA', 'Relación editorial entre contenidos');
INSERT INTO CONTENIDO_RELACIONADO (ID_CONTENIDO_ORIGEN, ID_CONTENIDO_DESTINO, TIPO_RELACION, DESCRIPCION) VALUES (9, 19, 'SPIN_OFF', 'Relación editorial entre contenidos');
INSERT INTO CONTENIDO_RELACIONADO (ID_CONTENIDO_ORIGEN, ID_CONTENIDO_DESTINO, TIPO_RELACION, DESCRIPCION) VALUES (10, 20, 'SECUELA', 'Relación editorial entre contenidos');

INSERT INTO REPRODUCCIONES (ID_PERFIL, ID_CONTENIDO, ID_EPISODIO, FECHA_HORA_INICIO, FECHA_HORA_FIN, DISPOSITIVO, PORCENTAJE_AVANCE) VALUES (1, 1, NULL, TIMESTAMP '2024-01-02 09:01:00', TIMESTAMP '2024-01-02 09:32:00', 'TABLET', 13);
INSERT INTO REPRODUCCIONES (ID_PERFIL, ID_CONTENIDO, ID_EPISODIO, FECHA_HORA_INICIO, FECHA_HORA_FIN, DISPOSITIVO, PORCENTAJE_AVANCE) VALUES (2, 2, NULL, TIMESTAMP '2024-01-03 09:02:00', TIMESTAMP '2024-01-03 09:34:00', 'TV', 26);
INSERT INTO REPRODUCCIONES (ID_PERFIL, ID_CONTENIDO, ID_EPISODIO, FECHA_HORA_INICIO, FECHA_HORA_FIN, DISPOSITIVO, PORCENTAJE_AVANCE) VALUES (3, 3, 3, TIMESTAMP '2024-01-04 09:03:00', TIMESTAMP '2024-01-04 09:36:00', 'COMPUTADOR', 39);
INSERT INTO REPRODUCCIONES (ID_PERFIL, ID_CONTENIDO, ID_EPISODIO, FECHA_HORA_INICIO, FECHA_HORA_FIN, DISPOSITIVO, PORCENTAJE_AVANCE) VALUES (4, 4, NULL, TIMESTAMP '2024-01-05 09:04:00', TIMESTAMP '2024-01-05 09:38:00', 'CELULAR', 52);
INSERT INTO REPRODUCCIONES (ID_PERFIL, ID_CONTENIDO, ID_EPISODIO, FECHA_HORA_INICIO, FECHA_HORA_FIN, DISPOSITIVO, PORCENTAJE_AVANCE) VALUES (5, 5, NULL, TIMESTAMP '2024-01-06 09:05:00', TIMESTAMP '2024-01-06 09:40:00', 'TABLET', 65);
INSERT INTO REPRODUCCIONES (ID_PERFIL, ID_CONTENIDO, ID_EPISODIO, FECHA_HORA_INICIO, FECHA_HORA_FIN, DISPOSITIVO, PORCENTAJE_AVANCE) VALUES (6, 6, 6, TIMESTAMP '2024-01-07 09:06:00', TIMESTAMP '2024-01-07 09:42:00', 'TV', 78);
INSERT INTO REPRODUCCIONES (ID_PERFIL, ID_CONTENIDO, ID_EPISODIO, FECHA_HORA_INICIO, FECHA_HORA_FIN, DISPOSITIVO, PORCENTAJE_AVANCE) VALUES (7, 7, NULL, TIMESTAMP '2024-01-08 09:07:00', TIMESTAMP '2024-01-08 09:44:00', 'COMPUTADOR', 91);
INSERT INTO REPRODUCCIONES (ID_PERFIL, ID_CONTENIDO, ID_EPISODIO, FECHA_HORA_INICIO, FECHA_HORA_FIN, DISPOSITIVO, PORCENTAJE_AVANCE) VALUES (8, 8, NULL, TIMESTAMP '2024-01-09 09:08:00', TIMESTAMP '2024-01-09 09:46:00', 'CELULAR', 3);
INSERT INTO REPRODUCCIONES (ID_PERFIL, ID_CONTENIDO, ID_EPISODIO, FECHA_HORA_INICIO, FECHA_HORA_FIN, DISPOSITIVO, PORCENTAJE_AVANCE) VALUES (9, 9, 9, TIMESTAMP '2024-01-10 09:09:00', TIMESTAMP '2024-01-10 09:48:00', 'TABLET', 16);
INSERT INTO REPRODUCCIONES (ID_PERFIL, ID_CONTENIDO, ID_EPISODIO, FECHA_HORA_INICIO, FECHA_HORA_FIN, DISPOSITIVO, PORCENTAJE_AVANCE) VALUES (10, 10, NULL, TIMESTAMP '2024-01-11 09:10:00', TIMESTAMP '2024-01-11 09:50:00', 'TV', 29);
INSERT INTO REPRODUCCIONES (ID_PERFIL, ID_CONTENIDO, ID_EPISODIO, FECHA_HORA_INICIO, FECHA_HORA_FIN, DISPOSITIVO, PORCENTAJE_AVANCE) VALUES (11, 11, NULL, TIMESTAMP '2024-01-12 09:11:00', TIMESTAMP '2024-01-12 09:52:00', 'COMPUTADOR', 42);
INSERT INTO REPRODUCCIONES (ID_PERFIL, ID_CONTENIDO, ID_EPISODIO, FECHA_HORA_INICIO, FECHA_HORA_FIN, DISPOSITIVO, PORCENTAJE_AVANCE) VALUES (12, 12, 12, TIMESTAMP '2024-01-13 09:12:00', TIMESTAMP '2024-01-13 09:54:00', 'CELULAR', 55);
INSERT INTO REPRODUCCIONES (ID_PERFIL, ID_CONTENIDO, ID_EPISODIO, FECHA_HORA_INICIO, FECHA_HORA_FIN, DISPOSITIVO, PORCENTAJE_AVANCE) VALUES (13, 13, NULL, TIMESTAMP '2024-01-14 09:13:00', TIMESTAMP '2024-01-14 09:56:00', 'TABLET', 68);
INSERT INTO REPRODUCCIONES (ID_PERFIL, ID_CONTENIDO, ID_EPISODIO, FECHA_HORA_INICIO, FECHA_HORA_FIN, DISPOSITIVO, PORCENTAJE_AVANCE) VALUES (14, 14, NULL, TIMESTAMP '2024-01-15 09:14:00', TIMESTAMP '2024-01-15 09:58:00', 'TV', 81);
INSERT INTO REPRODUCCIONES (ID_PERFIL, ID_CONTENIDO, ID_EPISODIO, FECHA_HORA_INICIO, FECHA_HORA_FIN, DISPOSITIVO, PORCENTAJE_AVANCE) VALUES (15, 15, 15, TIMESTAMP '2024-01-16 09:15:00', TIMESTAMP '2024-01-16 10:00:00', 'COMPUTADOR', 94);
INSERT INTO REPRODUCCIONES (ID_PERFIL, ID_CONTENIDO, ID_EPISODIO, FECHA_HORA_INICIO, FECHA_HORA_FIN, DISPOSITIVO, PORCENTAJE_AVANCE) VALUES (16, 16, NULL, TIMESTAMP '2024-01-17 09:16:00', TIMESTAMP '2024-01-17 10:02:00', 'CELULAR', 6);
INSERT INTO REPRODUCCIONES (ID_PERFIL, ID_CONTENIDO, ID_EPISODIO, FECHA_HORA_INICIO, FECHA_HORA_FIN, DISPOSITIVO, PORCENTAJE_AVANCE) VALUES (17, 17, NULL, TIMESTAMP '2024-01-18 09:17:00', TIMESTAMP '2024-01-18 10:04:00', 'TABLET', 19);
INSERT INTO REPRODUCCIONES (ID_PERFIL, ID_CONTENIDO, ID_EPISODIO, FECHA_HORA_INICIO, FECHA_HORA_FIN, DISPOSITIVO, PORCENTAJE_AVANCE) VALUES (18, 18, 18, TIMESTAMP '2024-01-19 09:18:00', TIMESTAMP '2024-01-19 10:06:00', 'TV', 32);
INSERT INTO REPRODUCCIONES (ID_PERFIL, ID_CONTENIDO, ID_EPISODIO, FECHA_HORA_INICIO, FECHA_HORA_FIN, DISPOSITIVO, PORCENTAJE_AVANCE) VALUES (19, 19, NULL, TIMESTAMP '2024-01-20 09:19:00', TIMESTAMP '2024-01-20 10:08:00', 'COMPUTADOR', 45);
INSERT INTO REPRODUCCIONES (ID_PERFIL, ID_CONTENIDO, ID_EPISODIO, FECHA_HORA_INICIO, FECHA_HORA_FIN, DISPOSITIVO, PORCENTAJE_AVANCE) VALUES (20, 20, NULL, TIMESTAMP '2024-01-21 09:20:00', TIMESTAMP '2024-01-21 10:10:00', 'CELULAR', 58);
INSERT INTO REPRODUCCIONES (ID_PERFIL, ID_CONTENIDO, ID_EPISODIO, FECHA_HORA_INICIO, FECHA_HORA_FIN, DISPOSITIVO, PORCENTAJE_AVANCE) VALUES (21, 21, 21, TIMESTAMP '2024-01-22 09:21:00', TIMESTAMP '2024-01-22 10:12:00', 'TABLET', 71);
INSERT INTO REPRODUCCIONES (ID_PERFIL, ID_CONTENIDO, ID_EPISODIO, FECHA_HORA_INICIO, FECHA_HORA_FIN, DISPOSITIVO, PORCENTAJE_AVANCE) VALUES (22, 22, NULL, TIMESTAMP '2024-01-23 09:22:00', TIMESTAMP '2024-01-23 10:14:00', 'TV', 84);
INSERT INTO REPRODUCCIONES (ID_PERFIL, ID_CONTENIDO, ID_EPISODIO, FECHA_HORA_INICIO, FECHA_HORA_FIN, DISPOSITIVO, PORCENTAJE_AVANCE) VALUES (23, 23, NULL, TIMESTAMP '2024-01-24 09:23:00', TIMESTAMP '2024-01-24 10:16:00', 'COMPUTADOR', 97);
INSERT INTO REPRODUCCIONES (ID_PERFIL, ID_CONTENIDO, ID_EPISODIO, FECHA_HORA_INICIO, FECHA_HORA_FIN, DISPOSITIVO, PORCENTAJE_AVANCE) VALUES (24, 24, 24, TIMESTAMP '2024-01-25 09:24:00', TIMESTAMP '2024-01-25 10:18:00', 'CELULAR', 9);
INSERT INTO REPRODUCCIONES (ID_PERFIL, ID_CONTENIDO, ID_EPISODIO, FECHA_HORA_INICIO, FECHA_HORA_FIN, DISPOSITIVO, PORCENTAJE_AVANCE) VALUES (25, 25, NULL, TIMESTAMP '2024-01-26 09:25:00', TIMESTAMP '2024-01-26 10:20:00', 'TABLET', 22);
INSERT INTO REPRODUCCIONES (ID_PERFIL, ID_CONTENIDO, ID_EPISODIO, FECHA_HORA_INICIO, FECHA_HORA_FIN, DISPOSITIVO, PORCENTAJE_AVANCE) VALUES (26, 26, NULL, TIMESTAMP '2024-01-27 09:26:00', TIMESTAMP '2024-01-27 10:22:00', 'TV', 35);
INSERT INTO REPRODUCCIONES (ID_PERFIL, ID_CONTENIDO, ID_EPISODIO, FECHA_HORA_INICIO, FECHA_HORA_FIN, DISPOSITIVO, PORCENTAJE_AVANCE) VALUES (27, 27, 27, TIMESTAMP '2024-01-28 09:27:00', TIMESTAMP '2024-01-28 10:24:00', 'COMPUTADOR', 48);
INSERT INTO REPRODUCCIONES (ID_PERFIL, ID_CONTENIDO, ID_EPISODIO, FECHA_HORA_INICIO, FECHA_HORA_FIN, DISPOSITIVO, PORCENTAJE_AVANCE) VALUES (28, 28, NULL, TIMESTAMP '2024-01-29 09:28:00', TIMESTAMP '2024-01-29 10:26:00', 'CELULAR', 61);
INSERT INTO REPRODUCCIONES (ID_PERFIL, ID_CONTENIDO, ID_EPISODIO, FECHA_HORA_INICIO, FECHA_HORA_FIN, DISPOSITIVO, PORCENTAJE_AVANCE) VALUES (29, 29, NULL, TIMESTAMP '2024-01-30 09:29:00', TIMESTAMP '2024-01-30 10:28:00', 'TABLET', 74);
INSERT INTO REPRODUCCIONES (ID_PERFIL, ID_CONTENIDO, ID_EPISODIO, FECHA_HORA_INICIO, FECHA_HORA_FIN, DISPOSITIVO, PORCENTAJE_AVANCE) VALUES (30, 30, 30, TIMESTAMP '2024-01-31 09:30:00', TIMESTAMP '2024-01-31 10:30:00', 'TV', 87);
INSERT INTO REPRODUCCIONES (ID_PERFIL, ID_CONTENIDO, ID_EPISODIO, FECHA_HORA_INICIO, FECHA_HORA_FIN, DISPOSITIVO, PORCENTAJE_AVANCE) VALUES (31, 31, NULL, TIMESTAMP '2024-02-01 09:31:00', TIMESTAMP '2024-02-01 10:32:00', 'COMPUTADOR', 100);
INSERT INTO REPRODUCCIONES (ID_PERFIL, ID_CONTENIDO, ID_EPISODIO, FECHA_HORA_INICIO, FECHA_HORA_FIN, DISPOSITIVO, PORCENTAJE_AVANCE) VALUES (32, 32, NULL, TIMESTAMP '2024-02-02 09:32:00', TIMESTAMP '2024-02-02 10:34:00', 'CELULAR', 12);
INSERT INTO REPRODUCCIONES (ID_PERFIL, ID_CONTENIDO, ID_EPISODIO, FECHA_HORA_INICIO, FECHA_HORA_FIN, DISPOSITIVO, PORCENTAJE_AVANCE) VALUES (33, 33, 33, TIMESTAMP '2024-02-03 09:33:00', TIMESTAMP '2024-02-03 10:36:00', 'TABLET', 25);
INSERT INTO REPRODUCCIONES (ID_PERFIL, ID_CONTENIDO, ID_EPISODIO, FECHA_HORA_INICIO, FECHA_HORA_FIN, DISPOSITIVO, PORCENTAJE_AVANCE) VALUES (34, 34, NULL, TIMESTAMP '2024-02-04 09:34:00', TIMESTAMP '2024-02-04 10:38:00', 'TV', 38);
INSERT INTO REPRODUCCIONES (ID_PERFIL, ID_CONTENIDO, ID_EPISODIO, FECHA_HORA_INICIO, FECHA_HORA_FIN, DISPOSITIVO, PORCENTAJE_AVANCE) VALUES (35, 35, NULL, TIMESTAMP '2024-02-05 09:35:00', TIMESTAMP '2024-02-05 10:40:00', 'COMPUTADOR', 51);
INSERT INTO REPRODUCCIONES (ID_PERFIL, ID_CONTENIDO, ID_EPISODIO, FECHA_HORA_INICIO, FECHA_HORA_FIN, DISPOSITIVO, PORCENTAJE_AVANCE) VALUES (36, 36, 36, TIMESTAMP '2024-02-06 09:36:00', TIMESTAMP '2024-02-06 10:42:00', 'CELULAR', 64);
INSERT INTO REPRODUCCIONES (ID_PERFIL, ID_CONTENIDO, ID_EPISODIO, FECHA_HORA_INICIO, FECHA_HORA_FIN, DISPOSITIVO, PORCENTAJE_AVANCE) VALUES (37, 37, NULL, TIMESTAMP '2024-02-07 09:37:00', TIMESTAMP '2024-02-07 10:44:00', 'TABLET', 77);
INSERT INTO REPRODUCCIONES (ID_PERFIL, ID_CONTENIDO, ID_EPISODIO, FECHA_HORA_INICIO, FECHA_HORA_FIN, DISPOSITIVO, PORCENTAJE_AVANCE) VALUES (38, 38, NULL, TIMESTAMP '2024-02-08 09:38:00', TIMESTAMP '2024-02-08 10:46:00', 'TV', 90);
INSERT INTO REPRODUCCIONES (ID_PERFIL, ID_CONTENIDO, ID_EPISODIO, FECHA_HORA_INICIO, FECHA_HORA_FIN, DISPOSITIVO, PORCENTAJE_AVANCE) VALUES (39, 39, 39, TIMESTAMP '2024-02-09 09:39:00', TIMESTAMP '2024-02-09 10:48:00', 'COMPUTADOR', 2);
INSERT INTO REPRODUCCIONES (ID_PERFIL, ID_CONTENIDO, ID_EPISODIO, FECHA_HORA_INICIO, FECHA_HORA_FIN, DISPOSITIVO, PORCENTAJE_AVANCE) VALUES (40, 40, NULL, TIMESTAMP '2024-02-10 09:40:00', TIMESTAMP '2024-02-10 10:50:00', 'CELULAR', 15);
INSERT INTO REPRODUCCIONES (ID_PERFIL, ID_CONTENIDO, ID_EPISODIO, FECHA_HORA_INICIO, FECHA_HORA_FIN, DISPOSITIVO, PORCENTAJE_AVANCE) VALUES (41, 1, NULL, TIMESTAMP '2024-02-11 09:41:00', TIMESTAMP '2024-02-11 10:52:00', 'TABLET', 28);
INSERT INTO REPRODUCCIONES (ID_PERFIL, ID_CONTENIDO, ID_EPISODIO, FECHA_HORA_INICIO, FECHA_HORA_FIN, DISPOSITIVO, PORCENTAJE_AVANCE) VALUES (42, 2, 42, TIMESTAMP '2024-02-12 09:42:00', TIMESTAMP '2024-02-12 10:54:00', 'TV', 41);
INSERT INTO REPRODUCCIONES (ID_PERFIL, ID_CONTENIDO, ID_EPISODIO, FECHA_HORA_INICIO, FECHA_HORA_FIN, DISPOSITIVO, PORCENTAJE_AVANCE) VALUES (43, 3, NULL, TIMESTAMP '2024-02-13 09:43:00', TIMESTAMP '2024-02-13 10:56:00', 'COMPUTADOR', 54);
INSERT INTO REPRODUCCIONES (ID_PERFIL, ID_CONTENIDO, ID_EPISODIO, FECHA_HORA_INICIO, FECHA_HORA_FIN, DISPOSITIVO, PORCENTAJE_AVANCE) VALUES (44, 4, NULL, TIMESTAMP '2024-02-14 09:44:00', TIMESTAMP '2024-02-14 10:58:00', 'CELULAR', 67);
INSERT INTO REPRODUCCIONES (ID_PERFIL, ID_CONTENIDO, ID_EPISODIO, FECHA_HORA_INICIO, FECHA_HORA_FIN, DISPOSITIVO, PORCENTAJE_AVANCE) VALUES (45, 5, 45, TIMESTAMP '2024-02-15 09:45:00', TIMESTAMP '2024-02-15 11:00:00', 'TABLET', 80);
INSERT INTO REPRODUCCIONES (ID_PERFIL, ID_CONTENIDO, ID_EPISODIO, FECHA_HORA_INICIO, FECHA_HORA_FIN, DISPOSITIVO, PORCENTAJE_AVANCE) VALUES (46, 6, NULL, TIMESTAMP '2024-02-16 09:46:00', TIMESTAMP '2024-02-16 11:02:00', 'TV', 93);
INSERT INTO REPRODUCCIONES (ID_PERFIL, ID_CONTENIDO, ID_EPISODIO, FECHA_HORA_INICIO, FECHA_HORA_FIN, DISPOSITIVO, PORCENTAJE_AVANCE) VALUES (47, 7, NULL, TIMESTAMP '2024-02-17 09:47:00', TIMESTAMP '2024-02-17 11:04:00', 'COMPUTADOR', 5);
INSERT INTO REPRODUCCIONES (ID_PERFIL, ID_CONTENIDO, ID_EPISODIO, FECHA_HORA_INICIO, FECHA_HORA_FIN, DISPOSITIVO, PORCENTAJE_AVANCE) VALUES (48, 8, 48, TIMESTAMP '2024-02-18 09:48:00', TIMESTAMP '2024-02-18 11:06:00', 'CELULAR', 18);
INSERT INTO REPRODUCCIONES (ID_PERFIL, ID_CONTENIDO, ID_EPISODIO, FECHA_HORA_INICIO, FECHA_HORA_FIN, DISPOSITIVO, PORCENTAJE_AVANCE) VALUES (49, 9, NULL, TIMESTAMP '2024-02-19 09:49:00', TIMESTAMP '2024-02-19 11:08:00', 'TABLET', 31);
INSERT INTO REPRODUCCIONES (ID_PERFIL, ID_CONTENIDO, ID_EPISODIO, FECHA_HORA_INICIO, FECHA_HORA_FIN, DISPOSITIVO, PORCENTAJE_AVANCE) VALUES (50, 10, NULL, TIMESTAMP '2024-02-20 09:50:00', TIMESTAMP '2024-02-20 11:10:00', 'TV', 44);
INSERT INTO REPRODUCCIONES (ID_PERFIL, ID_CONTENIDO, ID_EPISODIO, FECHA_HORA_INICIO, FECHA_HORA_FIN, DISPOSITIVO, PORCENTAJE_AVANCE) VALUES (1, 11, 1, TIMESTAMP '2024-02-21 09:51:00', TIMESTAMP '2024-02-21 11:12:00', 'COMPUTADOR', 57);
INSERT INTO REPRODUCCIONES (ID_PERFIL, ID_CONTENIDO, ID_EPISODIO, FECHA_HORA_INICIO, FECHA_HORA_FIN, DISPOSITIVO, PORCENTAJE_AVANCE) VALUES (2, 12, NULL, TIMESTAMP '2024-02-22 09:52:00', TIMESTAMP '2024-02-22 11:14:00', 'CELULAR', 70);
INSERT INTO REPRODUCCIONES (ID_PERFIL, ID_CONTENIDO, ID_EPISODIO, FECHA_HORA_INICIO, FECHA_HORA_FIN, DISPOSITIVO, PORCENTAJE_AVANCE) VALUES (3, 13, NULL, TIMESTAMP '2024-02-23 09:53:00', TIMESTAMP '2024-02-23 11:16:00', 'TABLET', 83);
INSERT INTO REPRODUCCIONES (ID_PERFIL, ID_CONTENIDO, ID_EPISODIO, FECHA_HORA_INICIO, FECHA_HORA_FIN, DISPOSITIVO, PORCENTAJE_AVANCE) VALUES (4, 14, 4, TIMESTAMP '2024-02-24 09:54:00', TIMESTAMP '2024-02-24 11:18:00', 'TV', 96);
INSERT INTO REPRODUCCIONES (ID_PERFIL, ID_CONTENIDO, ID_EPISODIO, FECHA_HORA_INICIO, FECHA_HORA_FIN, DISPOSITIVO, PORCENTAJE_AVANCE) VALUES (5, 15, NULL, TIMESTAMP '2024-02-25 09:55:00', TIMESTAMP '2024-02-25 11:20:00', 'COMPUTADOR', 8);
INSERT INTO REPRODUCCIONES (ID_PERFIL, ID_CONTENIDO, ID_EPISODIO, FECHA_HORA_INICIO, FECHA_HORA_FIN, DISPOSITIVO, PORCENTAJE_AVANCE) VALUES (6, 16, NULL, TIMESTAMP '2024-02-26 09:56:00', TIMESTAMP '2024-02-26 11:22:00', 'CELULAR', 21);
INSERT INTO REPRODUCCIONES (ID_PERFIL, ID_CONTENIDO, ID_EPISODIO, FECHA_HORA_INICIO, FECHA_HORA_FIN, DISPOSITIVO, PORCENTAJE_AVANCE) VALUES (7, 17, 7, TIMESTAMP '2024-02-27 09:57:00', TIMESTAMP '2024-02-27 11:24:00', 'TABLET', 34);
INSERT INTO REPRODUCCIONES (ID_PERFIL, ID_CONTENIDO, ID_EPISODIO, FECHA_HORA_INICIO, FECHA_HORA_FIN, DISPOSITIVO, PORCENTAJE_AVANCE) VALUES (8, 18, NULL, TIMESTAMP '2024-02-28 09:58:00', TIMESTAMP '2024-02-28 11:26:00', 'TV', 47);
INSERT INTO REPRODUCCIONES (ID_PERFIL, ID_CONTENIDO, ID_EPISODIO, FECHA_HORA_INICIO, FECHA_HORA_FIN, DISPOSITIVO, PORCENTAJE_AVANCE) VALUES (9, 19, NULL, TIMESTAMP '2024-02-29 09:59:00', TIMESTAMP '2024-02-29 11:28:00', 'COMPUTADOR', 60);
INSERT INTO REPRODUCCIONES (ID_PERFIL, ID_CONTENIDO, ID_EPISODIO, FECHA_HORA_INICIO, FECHA_HORA_FIN, DISPOSITIVO, PORCENTAJE_AVANCE) VALUES (10, 20, 10, TIMESTAMP '2024-03-01 10:00:00', TIMESTAMP '2024-03-01 11:30:00', 'CELULAR', 73);
INSERT INTO REPRODUCCIONES (ID_PERFIL, ID_CONTENIDO, ID_EPISODIO, FECHA_HORA_INICIO, FECHA_HORA_FIN, DISPOSITIVO, PORCENTAJE_AVANCE) VALUES (11, 21, NULL, TIMESTAMP '2024-03-02 10:01:00', TIMESTAMP '2024-03-02 11:32:00', 'TABLET', 86);
INSERT INTO REPRODUCCIONES (ID_PERFIL, ID_CONTENIDO, ID_EPISODIO, FECHA_HORA_INICIO, FECHA_HORA_FIN, DISPOSITIVO, PORCENTAJE_AVANCE) VALUES (12, 22, NULL, TIMESTAMP '2024-03-03 10:02:00', TIMESTAMP '2024-03-03 11:34:00', 'TV', 99);
INSERT INTO REPRODUCCIONES (ID_PERFIL, ID_CONTENIDO, ID_EPISODIO, FECHA_HORA_INICIO, FECHA_HORA_FIN, DISPOSITIVO, PORCENTAJE_AVANCE) VALUES (13, 23, 13, TIMESTAMP '2024-03-04 10:03:00', TIMESTAMP '2024-03-04 11:36:00', 'COMPUTADOR', 11);
INSERT INTO REPRODUCCIONES (ID_PERFIL, ID_CONTENIDO, ID_EPISODIO, FECHA_HORA_INICIO, FECHA_HORA_FIN, DISPOSITIVO, PORCENTAJE_AVANCE) VALUES (14, 24, NULL, TIMESTAMP '2024-03-05 10:04:00', TIMESTAMP '2024-03-05 11:38:00', 'CELULAR', 24);
INSERT INTO REPRODUCCIONES (ID_PERFIL, ID_CONTENIDO, ID_EPISODIO, FECHA_HORA_INICIO, FECHA_HORA_FIN, DISPOSITIVO, PORCENTAJE_AVANCE) VALUES (15, 25, NULL, TIMESTAMP '2024-03-06 10:05:00', TIMESTAMP '2024-03-06 11:40:00', 'TABLET', 37);
INSERT INTO REPRODUCCIONES (ID_PERFIL, ID_CONTENIDO, ID_EPISODIO, FECHA_HORA_INICIO, FECHA_HORA_FIN, DISPOSITIVO, PORCENTAJE_AVANCE) VALUES (16, 26, 16, TIMESTAMP '2024-03-07 10:06:00', TIMESTAMP '2024-03-07 11:42:00', 'TV', 50);
INSERT INTO REPRODUCCIONES (ID_PERFIL, ID_CONTENIDO, ID_EPISODIO, FECHA_HORA_INICIO, FECHA_HORA_FIN, DISPOSITIVO, PORCENTAJE_AVANCE) VALUES (17, 27, NULL, TIMESTAMP '2024-03-08 10:07:00', TIMESTAMP '2024-03-08 11:44:00', 'COMPUTADOR', 63);
INSERT INTO REPRODUCCIONES (ID_PERFIL, ID_CONTENIDO, ID_EPISODIO, FECHA_HORA_INICIO, FECHA_HORA_FIN, DISPOSITIVO, PORCENTAJE_AVANCE) VALUES (18, 28, NULL, TIMESTAMP '2024-03-09 10:08:00', TIMESTAMP '2024-03-09 11:46:00', 'CELULAR', 76);
INSERT INTO REPRODUCCIONES (ID_PERFIL, ID_CONTENIDO, ID_EPISODIO, FECHA_HORA_INICIO, FECHA_HORA_FIN, DISPOSITIVO, PORCENTAJE_AVANCE) VALUES (19, 29, 19, TIMESTAMP '2024-03-10 10:09:00', TIMESTAMP '2024-03-10 11:48:00', 'TABLET', 89);
INSERT INTO REPRODUCCIONES (ID_PERFIL, ID_CONTENIDO, ID_EPISODIO, FECHA_HORA_INICIO, FECHA_HORA_FIN, DISPOSITIVO, PORCENTAJE_AVANCE) VALUES (20, 30, NULL, TIMESTAMP '2024-03-11 10:10:00', TIMESTAMP '2024-03-11 11:50:00', 'TV', 1);
INSERT INTO REPRODUCCIONES (ID_PERFIL, ID_CONTENIDO, ID_EPISODIO, FECHA_HORA_INICIO, FECHA_HORA_FIN, DISPOSITIVO, PORCENTAJE_AVANCE) VALUES (21, 31, NULL, TIMESTAMP '2024-03-12 10:11:00', TIMESTAMP '2024-03-12 11:52:00', 'COMPUTADOR', 14);
INSERT INTO REPRODUCCIONES (ID_PERFIL, ID_CONTENIDO, ID_EPISODIO, FECHA_HORA_INICIO, FECHA_HORA_FIN, DISPOSITIVO, PORCENTAJE_AVANCE) VALUES (22, 32, 22, TIMESTAMP '2024-03-13 10:12:00', TIMESTAMP '2024-03-13 11:54:00', 'CELULAR', 27);
INSERT INTO REPRODUCCIONES (ID_PERFIL, ID_CONTENIDO, ID_EPISODIO, FECHA_HORA_INICIO, FECHA_HORA_FIN, DISPOSITIVO, PORCENTAJE_AVANCE) VALUES (23, 33, NULL, TIMESTAMP '2024-03-14 10:13:00', TIMESTAMP '2024-03-14 11:56:00', 'TABLET', 40);
INSERT INTO REPRODUCCIONES (ID_PERFIL, ID_CONTENIDO, ID_EPISODIO, FECHA_HORA_INICIO, FECHA_HORA_FIN, DISPOSITIVO, PORCENTAJE_AVANCE) VALUES (24, 34, NULL, TIMESTAMP '2024-03-15 10:14:00', TIMESTAMP '2024-03-15 11:58:00', 'TV', 53);
INSERT INTO REPRODUCCIONES (ID_PERFIL, ID_CONTENIDO, ID_EPISODIO, FECHA_HORA_INICIO, FECHA_HORA_FIN, DISPOSITIVO, PORCENTAJE_AVANCE) VALUES (25, 35, 25, TIMESTAMP '2024-03-16 10:15:00', TIMESTAMP '2024-03-16 12:00:00', 'COMPUTADOR', 66);
INSERT INTO REPRODUCCIONES (ID_PERFIL, ID_CONTENIDO, ID_EPISODIO, FECHA_HORA_INICIO, FECHA_HORA_FIN, DISPOSITIVO, PORCENTAJE_AVANCE) VALUES (26, 36, NULL, TIMESTAMP '2024-03-17 10:16:00', TIMESTAMP '2024-03-17 12:02:00', 'CELULAR', 79);
INSERT INTO REPRODUCCIONES (ID_PERFIL, ID_CONTENIDO, ID_EPISODIO, FECHA_HORA_INICIO, FECHA_HORA_FIN, DISPOSITIVO, PORCENTAJE_AVANCE) VALUES (27, 37, NULL, TIMESTAMP '2024-03-18 10:17:00', TIMESTAMP '2024-03-18 12:04:00', 'TABLET', 92);
INSERT INTO REPRODUCCIONES (ID_PERFIL, ID_CONTENIDO, ID_EPISODIO, FECHA_HORA_INICIO, FECHA_HORA_FIN, DISPOSITIVO, PORCENTAJE_AVANCE) VALUES (28, 38, 28, TIMESTAMP '2024-03-19 10:18:00', TIMESTAMP '2024-03-19 12:06:00', 'TV', 4);
INSERT INTO REPRODUCCIONES (ID_PERFIL, ID_CONTENIDO, ID_EPISODIO, FECHA_HORA_INICIO, FECHA_HORA_FIN, DISPOSITIVO, PORCENTAJE_AVANCE) VALUES (29, 39, NULL, TIMESTAMP '2024-03-20 10:19:00', TIMESTAMP '2024-03-20 12:08:00', 'COMPUTADOR', 17);
INSERT INTO REPRODUCCIONES (ID_PERFIL, ID_CONTENIDO, ID_EPISODIO, FECHA_HORA_INICIO, FECHA_HORA_FIN, DISPOSITIVO, PORCENTAJE_AVANCE) VALUES (30, 40, NULL, TIMESTAMP '2024-03-21 10:20:00', TIMESTAMP '2024-03-21 12:10:00', 'CELULAR', 30);
INSERT INTO REPRODUCCIONES (ID_PERFIL, ID_CONTENIDO, ID_EPISODIO, FECHA_HORA_INICIO, FECHA_HORA_FIN, DISPOSITIVO, PORCENTAJE_AVANCE) VALUES (31, 1, 31, TIMESTAMP '2024-03-22 10:21:00', TIMESTAMP '2024-03-22 12:12:00', 'TABLET', 43);
INSERT INTO REPRODUCCIONES (ID_PERFIL, ID_CONTENIDO, ID_EPISODIO, FECHA_HORA_INICIO, FECHA_HORA_FIN, DISPOSITIVO, PORCENTAJE_AVANCE) VALUES (32, 2, NULL, TIMESTAMP '2024-03-23 10:22:00', TIMESTAMP '2024-03-23 12:14:00', 'TV', 56);
INSERT INTO REPRODUCCIONES (ID_PERFIL, ID_CONTENIDO, ID_EPISODIO, FECHA_HORA_INICIO, FECHA_HORA_FIN, DISPOSITIVO, PORCENTAJE_AVANCE) VALUES (33, 3, NULL, TIMESTAMP '2024-03-24 10:23:00', TIMESTAMP '2024-03-24 12:16:00', 'COMPUTADOR', 69);
INSERT INTO REPRODUCCIONES (ID_PERFIL, ID_CONTENIDO, ID_EPISODIO, FECHA_HORA_INICIO, FECHA_HORA_FIN, DISPOSITIVO, PORCENTAJE_AVANCE) VALUES (34, 4, 34, TIMESTAMP '2024-03-25 10:24:00', TIMESTAMP '2024-03-25 12:18:00', 'CELULAR', 82);
INSERT INTO REPRODUCCIONES (ID_PERFIL, ID_CONTENIDO, ID_EPISODIO, FECHA_HORA_INICIO, FECHA_HORA_FIN, DISPOSITIVO, PORCENTAJE_AVANCE) VALUES (35, 5, NULL, TIMESTAMP '2024-03-26 10:25:00', TIMESTAMP '2024-03-26 12:20:00', 'TABLET', 95);
INSERT INTO REPRODUCCIONES (ID_PERFIL, ID_CONTENIDO, ID_EPISODIO, FECHA_HORA_INICIO, FECHA_HORA_FIN, DISPOSITIVO, PORCENTAJE_AVANCE) VALUES (36, 6, NULL, TIMESTAMP '2024-03-27 10:26:00', TIMESTAMP '2024-03-27 12:22:00', 'TV', 7);
INSERT INTO REPRODUCCIONES (ID_PERFIL, ID_CONTENIDO, ID_EPISODIO, FECHA_HORA_INICIO, FECHA_HORA_FIN, DISPOSITIVO, PORCENTAJE_AVANCE) VALUES (37, 7, 37, TIMESTAMP '2024-03-28 10:27:00', TIMESTAMP '2024-03-28 12:24:00', 'COMPUTADOR', 20);
INSERT INTO REPRODUCCIONES (ID_PERFIL, ID_CONTENIDO, ID_EPISODIO, FECHA_HORA_INICIO, FECHA_HORA_FIN, DISPOSITIVO, PORCENTAJE_AVANCE) VALUES (38, 8, NULL, TIMESTAMP '2024-03-29 10:28:00', TIMESTAMP '2024-03-29 12:26:00', 'CELULAR', 33);
INSERT INTO REPRODUCCIONES (ID_PERFIL, ID_CONTENIDO, ID_EPISODIO, FECHA_HORA_INICIO, FECHA_HORA_FIN, DISPOSITIVO, PORCENTAJE_AVANCE) VALUES (39, 9, NULL, TIMESTAMP '2024-03-30 10:29:00', TIMESTAMP '2024-03-30 12:28:00', 'TABLET', 46);
INSERT INTO REPRODUCCIONES (ID_PERFIL, ID_CONTENIDO, ID_EPISODIO, FECHA_HORA_INICIO, FECHA_HORA_FIN, DISPOSITIVO, PORCENTAJE_AVANCE) VALUES (40, 10, 40, TIMESTAMP '2024-03-31 10:30:00', TIMESTAMP '2024-03-31 11:00:00', 'TV', 59);
INSERT INTO REPRODUCCIONES (ID_PERFIL, ID_CONTENIDO, ID_EPISODIO, FECHA_HORA_INICIO, FECHA_HORA_FIN, DISPOSITIVO, PORCENTAJE_AVANCE) VALUES (41, 11, NULL, TIMESTAMP '2024-04-01 10:31:00', TIMESTAMP '2024-04-01 11:02:00', 'COMPUTADOR', 72);
INSERT INTO REPRODUCCIONES (ID_PERFIL, ID_CONTENIDO, ID_EPISODIO, FECHA_HORA_INICIO, FECHA_HORA_FIN, DISPOSITIVO, PORCENTAJE_AVANCE) VALUES (42, 12, NULL, TIMESTAMP '2024-04-02 10:32:00', TIMESTAMP '2024-04-02 11:04:00', 'CELULAR', 85);
INSERT INTO REPRODUCCIONES (ID_PERFIL, ID_CONTENIDO, ID_EPISODIO, FECHA_HORA_INICIO, FECHA_HORA_FIN, DISPOSITIVO, PORCENTAJE_AVANCE) VALUES (43, 13, 43, TIMESTAMP '2024-04-03 10:33:00', TIMESTAMP '2024-04-03 11:06:00', 'TABLET', 98);
INSERT INTO REPRODUCCIONES (ID_PERFIL, ID_CONTENIDO, ID_EPISODIO, FECHA_HORA_INICIO, FECHA_HORA_FIN, DISPOSITIVO, PORCENTAJE_AVANCE) VALUES (44, 14, NULL, TIMESTAMP '2024-04-04 10:34:00', TIMESTAMP '2024-04-04 11:08:00', 'TV', 10);
INSERT INTO REPRODUCCIONES (ID_PERFIL, ID_CONTENIDO, ID_EPISODIO, FECHA_HORA_INICIO, FECHA_HORA_FIN, DISPOSITIVO, PORCENTAJE_AVANCE) VALUES (45, 15, NULL, TIMESTAMP '2024-04-05 10:35:00', TIMESTAMP '2024-04-05 11:10:00', 'COMPUTADOR', 23);
INSERT INTO REPRODUCCIONES (ID_PERFIL, ID_CONTENIDO, ID_EPISODIO, FECHA_HORA_INICIO, FECHA_HORA_FIN, DISPOSITIVO, PORCENTAJE_AVANCE) VALUES (46, 16, 46, TIMESTAMP '2024-04-06 10:36:00', TIMESTAMP '2024-04-06 11:12:00', 'CELULAR', 36);
INSERT INTO REPRODUCCIONES (ID_PERFIL, ID_CONTENIDO, ID_EPISODIO, FECHA_HORA_INICIO, FECHA_HORA_FIN, DISPOSITIVO, PORCENTAJE_AVANCE) VALUES (47, 17, NULL, TIMESTAMP '2024-04-07 10:37:00', TIMESTAMP '2024-04-07 11:14:00', 'TABLET', 49);
INSERT INTO REPRODUCCIONES (ID_PERFIL, ID_CONTENIDO, ID_EPISODIO, FECHA_HORA_INICIO, FECHA_HORA_FIN, DISPOSITIVO, PORCENTAJE_AVANCE) VALUES (48, 18, NULL, TIMESTAMP '2024-04-08 10:38:00', TIMESTAMP '2024-04-08 11:16:00', 'TV', 62);
INSERT INTO REPRODUCCIONES (ID_PERFIL, ID_CONTENIDO, ID_EPISODIO, FECHA_HORA_INICIO, FECHA_HORA_FIN, DISPOSITIVO, PORCENTAJE_AVANCE) VALUES (49, 19, 49, TIMESTAMP '2024-04-09 10:39:00', TIMESTAMP '2024-04-09 11:18:00', 'COMPUTADOR', 75);
INSERT INTO REPRODUCCIONES (ID_PERFIL, ID_CONTENIDO, ID_EPISODIO, FECHA_HORA_INICIO, FECHA_HORA_FIN, DISPOSITIVO, PORCENTAJE_AVANCE) VALUES (50, 20, NULL, TIMESTAMP '2024-04-10 10:40:00', TIMESTAMP '2024-04-10 11:20:00', 'CELULAR', 88);
INSERT INTO REPRODUCCIONES (ID_PERFIL, ID_CONTENIDO, ID_EPISODIO, FECHA_HORA_INICIO, FECHA_HORA_FIN, DISPOSITIVO, PORCENTAJE_AVANCE) VALUES (1, 21, NULL, TIMESTAMP '2024-04-11 10:41:00', TIMESTAMP '2024-04-11 11:22:00', 'TABLET', 0);
INSERT INTO REPRODUCCIONES (ID_PERFIL, ID_CONTENIDO, ID_EPISODIO, FECHA_HORA_INICIO, FECHA_HORA_FIN, DISPOSITIVO, PORCENTAJE_AVANCE) VALUES (2, 22, 2, TIMESTAMP '2024-04-12 10:42:00', TIMESTAMP '2024-04-12 11:24:00', 'TV', 13);
INSERT INTO REPRODUCCIONES (ID_PERFIL, ID_CONTENIDO, ID_EPISODIO, FECHA_HORA_INICIO, FECHA_HORA_FIN, DISPOSITIVO, PORCENTAJE_AVANCE) VALUES (3, 23, NULL, TIMESTAMP '2024-04-13 10:43:00', TIMESTAMP '2024-04-13 11:26:00', 'COMPUTADOR', 26);
INSERT INTO REPRODUCCIONES (ID_PERFIL, ID_CONTENIDO, ID_EPISODIO, FECHA_HORA_INICIO, FECHA_HORA_FIN, DISPOSITIVO, PORCENTAJE_AVANCE) VALUES (4, 24, NULL, TIMESTAMP '2024-04-14 10:44:00', TIMESTAMP '2024-04-14 11:28:00', 'CELULAR', 39);
INSERT INTO REPRODUCCIONES (ID_PERFIL, ID_CONTENIDO, ID_EPISODIO, FECHA_HORA_INICIO, FECHA_HORA_FIN, DISPOSITIVO, PORCENTAJE_AVANCE) VALUES (5, 25, 5, TIMESTAMP '2024-04-15 10:45:00', TIMESTAMP '2024-04-15 11:30:00', 'TABLET', 52);
INSERT INTO REPRODUCCIONES (ID_PERFIL, ID_CONTENIDO, ID_EPISODIO, FECHA_HORA_INICIO, FECHA_HORA_FIN, DISPOSITIVO, PORCENTAJE_AVANCE) VALUES (6, 26, NULL, TIMESTAMP '2024-04-16 10:46:00', TIMESTAMP '2024-04-16 11:32:00', 'TV', 65);
INSERT INTO REPRODUCCIONES (ID_PERFIL, ID_CONTENIDO, ID_EPISODIO, FECHA_HORA_INICIO, FECHA_HORA_FIN, DISPOSITIVO, PORCENTAJE_AVANCE) VALUES (7, 27, NULL, TIMESTAMP '2024-04-17 10:47:00', TIMESTAMP '2024-04-17 11:34:00', 'COMPUTADOR', 78);
INSERT INTO REPRODUCCIONES (ID_PERFIL, ID_CONTENIDO, ID_EPISODIO, FECHA_HORA_INICIO, FECHA_HORA_FIN, DISPOSITIVO, PORCENTAJE_AVANCE) VALUES (8, 28, 8, TIMESTAMP '2024-04-18 10:48:00', TIMESTAMP '2024-04-18 11:36:00', 'CELULAR', 91);
INSERT INTO REPRODUCCIONES (ID_PERFIL, ID_CONTENIDO, ID_EPISODIO, FECHA_HORA_INICIO, FECHA_HORA_FIN, DISPOSITIVO, PORCENTAJE_AVANCE) VALUES (9, 29, NULL, TIMESTAMP '2024-04-19 10:49:00', TIMESTAMP '2024-04-19 11:38:00', 'TABLET', 3);
INSERT INTO REPRODUCCIONES (ID_PERFIL, ID_CONTENIDO, ID_EPISODIO, FECHA_HORA_INICIO, FECHA_HORA_FIN, DISPOSITIVO, PORCENTAJE_AVANCE) VALUES (10, 30, NULL, TIMESTAMP '2024-04-20 10:50:00', TIMESTAMP '2024-04-20 11:40:00', 'TV', 16);
INSERT INTO REPRODUCCIONES (ID_PERFIL, ID_CONTENIDO, ID_EPISODIO, FECHA_HORA_INICIO, FECHA_HORA_FIN, DISPOSITIVO, PORCENTAJE_AVANCE) VALUES (11, 31, 11, TIMESTAMP '2024-04-21 10:51:00', TIMESTAMP '2024-04-21 11:42:00', 'COMPUTADOR', 29);
INSERT INTO REPRODUCCIONES (ID_PERFIL, ID_CONTENIDO, ID_EPISODIO, FECHA_HORA_INICIO, FECHA_HORA_FIN, DISPOSITIVO, PORCENTAJE_AVANCE) VALUES (12, 32, NULL, TIMESTAMP '2024-04-22 10:52:00', TIMESTAMP '2024-04-22 11:44:00', 'CELULAR', 42);
INSERT INTO REPRODUCCIONES (ID_PERFIL, ID_CONTENIDO, ID_EPISODIO, FECHA_HORA_INICIO, FECHA_HORA_FIN, DISPOSITIVO, PORCENTAJE_AVANCE) VALUES (13, 33, NULL, TIMESTAMP '2024-04-23 10:53:00', TIMESTAMP '2024-04-23 11:46:00', 'TABLET', 55);
INSERT INTO REPRODUCCIONES (ID_PERFIL, ID_CONTENIDO, ID_EPISODIO, FECHA_HORA_INICIO, FECHA_HORA_FIN, DISPOSITIVO, PORCENTAJE_AVANCE) VALUES (14, 34, 14, TIMESTAMP '2024-04-24 10:54:00', TIMESTAMP '2024-04-24 11:48:00', 'TV', 68);
INSERT INTO REPRODUCCIONES (ID_PERFIL, ID_CONTENIDO, ID_EPISODIO, FECHA_HORA_INICIO, FECHA_HORA_FIN, DISPOSITIVO, PORCENTAJE_AVANCE) VALUES (15, 35, NULL, TIMESTAMP '2024-04-25 10:55:00', TIMESTAMP '2024-04-25 11:50:00', 'COMPUTADOR', 81);
INSERT INTO REPRODUCCIONES (ID_PERFIL, ID_CONTENIDO, ID_EPISODIO, FECHA_HORA_INICIO, FECHA_HORA_FIN, DISPOSITIVO, PORCENTAJE_AVANCE) VALUES (16, 36, NULL, TIMESTAMP '2024-04-26 10:56:00', TIMESTAMP '2024-04-26 11:52:00', 'CELULAR', 94);
INSERT INTO REPRODUCCIONES (ID_PERFIL, ID_CONTENIDO, ID_EPISODIO, FECHA_HORA_INICIO, FECHA_HORA_FIN, DISPOSITIVO, PORCENTAJE_AVANCE) VALUES (17, 37, 17, TIMESTAMP '2024-04-27 10:57:00', TIMESTAMP '2024-04-27 11:54:00', 'TABLET', 6);
INSERT INTO REPRODUCCIONES (ID_PERFIL, ID_CONTENIDO, ID_EPISODIO, FECHA_HORA_INICIO, FECHA_HORA_FIN, DISPOSITIVO, PORCENTAJE_AVANCE) VALUES (18, 38, NULL, TIMESTAMP '2024-04-28 10:58:00', TIMESTAMP '2024-04-28 11:56:00', 'TV', 19);
INSERT INTO REPRODUCCIONES (ID_PERFIL, ID_CONTENIDO, ID_EPISODIO, FECHA_HORA_INICIO, FECHA_HORA_FIN, DISPOSITIVO, PORCENTAJE_AVANCE) VALUES (19, 39, NULL, TIMESTAMP '2024-04-29 10:59:00', TIMESTAMP '2024-04-29 11:58:00', 'COMPUTADOR', 32);
INSERT INTO REPRODUCCIONES (ID_PERFIL, ID_CONTENIDO, ID_EPISODIO, FECHA_HORA_INICIO, FECHA_HORA_FIN, DISPOSITIVO, PORCENTAJE_AVANCE) VALUES (20, 40, 20, TIMESTAMP '2024-04-30 11:00:00', TIMESTAMP '2024-04-30 12:00:00', 'CELULAR', 45);
INSERT INTO REPRODUCCIONES (ID_PERFIL, ID_CONTENIDO, ID_EPISODIO, FECHA_HORA_INICIO, FECHA_HORA_FIN, DISPOSITIVO, PORCENTAJE_AVANCE) VALUES (21, 1, NULL, TIMESTAMP '2024-05-01 11:01:00', TIMESTAMP '2024-05-01 12:02:00', 'TABLET', 58);
INSERT INTO REPRODUCCIONES (ID_PERFIL, ID_CONTENIDO, ID_EPISODIO, FECHA_HORA_INICIO, FECHA_HORA_FIN, DISPOSITIVO, PORCENTAJE_AVANCE) VALUES (22, 2, NULL, TIMESTAMP '2024-05-02 11:02:00', TIMESTAMP '2024-05-02 12:04:00', 'TV', 71);
INSERT INTO REPRODUCCIONES (ID_PERFIL, ID_CONTENIDO, ID_EPISODIO, FECHA_HORA_INICIO, FECHA_HORA_FIN, DISPOSITIVO, PORCENTAJE_AVANCE) VALUES (23, 3, 23, TIMESTAMP '2024-05-03 11:03:00', TIMESTAMP '2024-05-03 12:06:00', 'COMPUTADOR', 84);
INSERT INTO REPRODUCCIONES (ID_PERFIL, ID_CONTENIDO, ID_EPISODIO, FECHA_HORA_INICIO, FECHA_HORA_FIN, DISPOSITIVO, PORCENTAJE_AVANCE) VALUES (24, 4, NULL, TIMESTAMP '2024-05-04 11:04:00', TIMESTAMP '2024-05-04 12:08:00', 'CELULAR', 97);
INSERT INTO REPRODUCCIONES (ID_PERFIL, ID_CONTENIDO, ID_EPISODIO, FECHA_HORA_INICIO, FECHA_HORA_FIN, DISPOSITIVO, PORCENTAJE_AVANCE) VALUES (25, 5, NULL, TIMESTAMP '2024-05-05 11:05:00', TIMESTAMP '2024-05-05 12:10:00', 'TABLET', 9);
INSERT INTO REPRODUCCIONES (ID_PERFIL, ID_CONTENIDO, ID_EPISODIO, FECHA_HORA_INICIO, FECHA_HORA_FIN, DISPOSITIVO, PORCENTAJE_AVANCE) VALUES (26, 6, 26, TIMESTAMP '2024-05-06 11:06:00', TIMESTAMP '2024-05-06 12:12:00', 'TV', 22);
INSERT INTO REPRODUCCIONES (ID_PERFIL, ID_CONTENIDO, ID_EPISODIO, FECHA_HORA_INICIO, FECHA_HORA_FIN, DISPOSITIVO, PORCENTAJE_AVANCE) VALUES (27, 7, NULL, TIMESTAMP '2024-05-07 11:07:00', TIMESTAMP '2024-05-07 12:14:00', 'COMPUTADOR', 35);
INSERT INTO REPRODUCCIONES (ID_PERFIL, ID_CONTENIDO, ID_EPISODIO, FECHA_HORA_INICIO, FECHA_HORA_FIN, DISPOSITIVO, PORCENTAJE_AVANCE) VALUES (28, 8, NULL, TIMESTAMP '2024-05-08 11:08:00', TIMESTAMP '2024-05-08 12:16:00', 'CELULAR', 48);
INSERT INTO REPRODUCCIONES (ID_PERFIL, ID_CONTENIDO, ID_EPISODIO, FECHA_HORA_INICIO, FECHA_HORA_FIN, DISPOSITIVO, PORCENTAJE_AVANCE) VALUES (29, 9, 29, TIMESTAMP '2024-05-09 11:09:00', TIMESTAMP '2024-05-09 12:18:00', 'TABLET', 61);
INSERT INTO REPRODUCCIONES (ID_PERFIL, ID_CONTENIDO, ID_EPISODIO, FECHA_HORA_INICIO, FECHA_HORA_FIN, DISPOSITIVO, PORCENTAJE_AVANCE) VALUES (30, 10, NULL, TIMESTAMP '2024-05-10 11:10:00', TIMESTAMP '2024-05-10 12:20:00', 'TV', 74);
INSERT INTO REPRODUCCIONES (ID_PERFIL, ID_CONTENIDO, ID_EPISODIO, FECHA_HORA_INICIO, FECHA_HORA_FIN, DISPOSITIVO, PORCENTAJE_AVANCE) VALUES (31, 11, NULL, TIMESTAMP '2024-05-11 11:11:00', TIMESTAMP '2024-05-11 12:22:00', 'COMPUTADOR', 87);
INSERT INTO REPRODUCCIONES (ID_PERFIL, ID_CONTENIDO, ID_EPISODIO, FECHA_HORA_INICIO, FECHA_HORA_FIN, DISPOSITIVO, PORCENTAJE_AVANCE) VALUES (32, 12, 32, TIMESTAMP '2024-05-12 11:12:00', TIMESTAMP '2024-05-12 12:24:00', 'CELULAR', 100);
INSERT INTO REPRODUCCIONES (ID_PERFIL, ID_CONTENIDO, ID_EPISODIO, FECHA_HORA_INICIO, FECHA_HORA_FIN, DISPOSITIVO, PORCENTAJE_AVANCE) VALUES (33, 13, NULL, TIMESTAMP '2024-05-13 11:13:00', TIMESTAMP '2024-05-13 12:26:00', 'TABLET', 12);
INSERT INTO REPRODUCCIONES (ID_PERFIL, ID_CONTENIDO, ID_EPISODIO, FECHA_HORA_INICIO, FECHA_HORA_FIN, DISPOSITIVO, PORCENTAJE_AVANCE) VALUES (34, 14, NULL, TIMESTAMP '2024-05-14 11:14:00', TIMESTAMP '2024-05-14 12:28:00', 'TV', 25);
INSERT INTO REPRODUCCIONES (ID_PERFIL, ID_CONTENIDO, ID_EPISODIO, FECHA_HORA_INICIO, FECHA_HORA_FIN, DISPOSITIVO, PORCENTAJE_AVANCE) VALUES (35, 15, 35, TIMESTAMP '2024-05-15 11:15:00', TIMESTAMP '2024-05-15 12:30:00', 'COMPUTADOR', 38);
INSERT INTO REPRODUCCIONES (ID_PERFIL, ID_CONTENIDO, ID_EPISODIO, FECHA_HORA_INICIO, FECHA_HORA_FIN, DISPOSITIVO, PORCENTAJE_AVANCE) VALUES (36, 16, NULL, TIMESTAMP '2024-05-16 11:16:00', TIMESTAMP '2024-05-16 12:32:00', 'CELULAR', 51);
INSERT INTO REPRODUCCIONES (ID_PERFIL, ID_CONTENIDO, ID_EPISODIO, FECHA_HORA_INICIO, FECHA_HORA_FIN, DISPOSITIVO, PORCENTAJE_AVANCE) VALUES (37, 17, NULL, TIMESTAMP '2024-05-17 11:17:00', TIMESTAMP '2024-05-17 12:34:00', 'TABLET', 64);
INSERT INTO REPRODUCCIONES (ID_PERFIL, ID_CONTENIDO, ID_EPISODIO, FECHA_HORA_INICIO, FECHA_HORA_FIN, DISPOSITIVO, PORCENTAJE_AVANCE) VALUES (38, 18, 38, TIMESTAMP '2024-05-18 11:18:00', TIMESTAMP '2024-05-18 12:36:00', 'TV', 77);
INSERT INTO REPRODUCCIONES (ID_PERFIL, ID_CONTENIDO, ID_EPISODIO, FECHA_HORA_INICIO, FECHA_HORA_FIN, DISPOSITIVO, PORCENTAJE_AVANCE) VALUES (39, 19, NULL, TIMESTAMP '2024-05-19 11:19:00', TIMESTAMP '2024-05-19 12:38:00', 'COMPUTADOR', 90);
INSERT INTO REPRODUCCIONES (ID_PERFIL, ID_CONTENIDO, ID_EPISODIO, FECHA_HORA_INICIO, FECHA_HORA_FIN, DISPOSITIVO, PORCENTAJE_AVANCE) VALUES (40, 20, NULL, TIMESTAMP '2024-05-20 11:20:00', TIMESTAMP '2024-05-20 12:40:00', 'CELULAR', 2);
INSERT INTO REPRODUCCIONES (ID_PERFIL, ID_CONTENIDO, ID_EPISODIO, FECHA_HORA_INICIO, FECHA_HORA_FIN, DISPOSITIVO, PORCENTAJE_AVANCE) VALUES (41, 21, 41, TIMESTAMP '2024-05-21 11:21:00', TIMESTAMP '2024-05-21 12:42:00', 'TABLET', 15);
INSERT INTO REPRODUCCIONES (ID_PERFIL, ID_CONTENIDO, ID_EPISODIO, FECHA_HORA_INICIO, FECHA_HORA_FIN, DISPOSITIVO, PORCENTAJE_AVANCE) VALUES (42, 22, NULL, TIMESTAMP '2024-05-22 11:22:00', TIMESTAMP '2024-05-22 12:44:00', 'TV', 28);
INSERT INTO REPRODUCCIONES (ID_PERFIL, ID_CONTENIDO, ID_EPISODIO, FECHA_HORA_INICIO, FECHA_HORA_FIN, DISPOSITIVO, PORCENTAJE_AVANCE) VALUES (43, 23, NULL, TIMESTAMP '2024-05-23 11:23:00', TIMESTAMP '2024-05-23 12:46:00', 'COMPUTADOR', 41);
INSERT INTO REPRODUCCIONES (ID_PERFIL, ID_CONTENIDO, ID_EPISODIO, FECHA_HORA_INICIO, FECHA_HORA_FIN, DISPOSITIVO, PORCENTAJE_AVANCE) VALUES (44, 24, 44, TIMESTAMP '2024-05-24 11:24:00', TIMESTAMP '2024-05-24 12:48:00', 'CELULAR', 54);
INSERT INTO REPRODUCCIONES (ID_PERFIL, ID_CONTENIDO, ID_EPISODIO, FECHA_HORA_INICIO, FECHA_HORA_FIN, DISPOSITIVO, PORCENTAJE_AVANCE) VALUES (45, 25, NULL, TIMESTAMP '2024-05-25 11:25:00', TIMESTAMP '2024-05-25 12:50:00', 'TABLET', 67);
INSERT INTO REPRODUCCIONES (ID_PERFIL, ID_CONTENIDO, ID_EPISODIO, FECHA_HORA_INICIO, FECHA_HORA_FIN, DISPOSITIVO, PORCENTAJE_AVANCE) VALUES (46, 26, NULL, TIMESTAMP '2024-05-26 11:26:00', TIMESTAMP '2024-05-26 12:52:00', 'TV', 80);
INSERT INTO REPRODUCCIONES (ID_PERFIL, ID_CONTENIDO, ID_EPISODIO, FECHA_HORA_INICIO, FECHA_HORA_FIN, DISPOSITIVO, PORCENTAJE_AVANCE) VALUES (47, 27, 47, TIMESTAMP '2024-05-27 11:27:00', TIMESTAMP '2024-05-27 12:54:00', 'COMPUTADOR', 93);
INSERT INTO REPRODUCCIONES (ID_PERFIL, ID_CONTENIDO, ID_EPISODIO, FECHA_HORA_INICIO, FECHA_HORA_FIN, DISPOSITIVO, PORCENTAJE_AVANCE) VALUES (48, 28, NULL, TIMESTAMP '2024-05-28 11:28:00', TIMESTAMP '2024-05-28 12:56:00', 'CELULAR', 5);
INSERT INTO REPRODUCCIONES (ID_PERFIL, ID_CONTENIDO, ID_EPISODIO, FECHA_HORA_INICIO, FECHA_HORA_FIN, DISPOSITIVO, PORCENTAJE_AVANCE) VALUES (49, 29, NULL, TIMESTAMP '2024-05-29 11:29:00', TIMESTAMP '2024-05-29 12:58:00', 'TABLET', 18);
INSERT INTO REPRODUCCIONES (ID_PERFIL, ID_CONTENIDO, ID_EPISODIO, FECHA_HORA_INICIO, FECHA_HORA_FIN, DISPOSITIVO, PORCENTAJE_AVANCE) VALUES (50, 30, 50, TIMESTAMP '2024-05-30 11:30:00', TIMESTAMP '2024-05-30 13:00:00', 'TV', 31);
INSERT INTO REPRODUCCIONES (ID_PERFIL, ID_CONTENIDO, ID_EPISODIO, FECHA_HORA_INICIO, FECHA_HORA_FIN, DISPOSITIVO, PORCENTAJE_AVANCE) VALUES (1, 31, NULL, TIMESTAMP '2024-05-31 11:31:00', TIMESTAMP '2024-05-31 13:02:00', 'COMPUTADOR', 44);
INSERT INTO REPRODUCCIONES (ID_PERFIL, ID_CONTENIDO, ID_EPISODIO, FECHA_HORA_INICIO, FECHA_HORA_FIN, DISPOSITIVO, PORCENTAJE_AVANCE) VALUES (2, 32, NULL, TIMESTAMP '2024-06-01 11:32:00', TIMESTAMP '2024-06-01 13:04:00', 'CELULAR', 57);
INSERT INTO REPRODUCCIONES (ID_PERFIL, ID_CONTENIDO, ID_EPISODIO, FECHA_HORA_INICIO, FECHA_HORA_FIN, DISPOSITIVO, PORCENTAJE_AVANCE) VALUES (3, 33, 3, TIMESTAMP '2024-06-02 11:33:00', TIMESTAMP '2024-06-02 13:06:00', 'TABLET', 70);
INSERT INTO REPRODUCCIONES (ID_PERFIL, ID_CONTENIDO, ID_EPISODIO, FECHA_HORA_INICIO, FECHA_HORA_FIN, DISPOSITIVO, PORCENTAJE_AVANCE) VALUES (4, 34, NULL, TIMESTAMP '2024-06-03 11:34:00', TIMESTAMP '2024-06-03 13:08:00', 'TV', 83);
INSERT INTO REPRODUCCIONES (ID_PERFIL, ID_CONTENIDO, ID_EPISODIO, FECHA_HORA_INICIO, FECHA_HORA_FIN, DISPOSITIVO, PORCENTAJE_AVANCE) VALUES (5, 35, NULL, TIMESTAMP '2024-06-04 11:35:00', TIMESTAMP '2024-06-04 13:10:00', 'COMPUTADOR', 96);
INSERT INTO REPRODUCCIONES (ID_PERFIL, ID_CONTENIDO, ID_EPISODIO, FECHA_HORA_INICIO, FECHA_HORA_FIN, DISPOSITIVO, PORCENTAJE_AVANCE) VALUES (6, 36, 6, TIMESTAMP '2024-06-05 11:36:00', TIMESTAMP '2024-06-05 13:12:00', 'CELULAR', 8);
INSERT INTO REPRODUCCIONES (ID_PERFIL, ID_CONTENIDO, ID_EPISODIO, FECHA_HORA_INICIO, FECHA_HORA_FIN, DISPOSITIVO, PORCENTAJE_AVANCE) VALUES (7, 37, NULL, TIMESTAMP '2024-06-06 11:37:00', TIMESTAMP '2024-06-06 13:14:00', 'TABLET', 21);
INSERT INTO REPRODUCCIONES (ID_PERFIL, ID_CONTENIDO, ID_EPISODIO, FECHA_HORA_INICIO, FECHA_HORA_FIN, DISPOSITIVO, PORCENTAJE_AVANCE) VALUES (8, 38, NULL, TIMESTAMP '2024-06-07 11:38:00', TIMESTAMP '2024-06-07 13:16:00', 'TV', 34);
INSERT INTO REPRODUCCIONES (ID_PERFIL, ID_CONTENIDO, ID_EPISODIO, FECHA_HORA_INICIO, FECHA_HORA_FIN, DISPOSITIVO, PORCENTAJE_AVANCE) VALUES (9, 39, 9, TIMESTAMP '2024-06-08 11:39:00', TIMESTAMP '2024-06-08 13:18:00', 'COMPUTADOR', 47);
INSERT INTO REPRODUCCIONES (ID_PERFIL, ID_CONTENIDO, ID_EPISODIO, FECHA_HORA_INICIO, FECHA_HORA_FIN, DISPOSITIVO, PORCENTAJE_AVANCE) VALUES (10, 40, NULL, TIMESTAMP '2024-06-09 11:40:00', TIMESTAMP '2024-06-09 13:20:00', 'CELULAR', 60);
INSERT INTO REPRODUCCIONES (ID_PERFIL, ID_CONTENIDO, ID_EPISODIO, FECHA_HORA_INICIO, FECHA_HORA_FIN, DISPOSITIVO, PORCENTAJE_AVANCE) VALUES (11, 1, NULL, TIMESTAMP '2024-06-10 11:41:00', TIMESTAMP '2024-06-10 13:22:00', 'TABLET', 73);
INSERT INTO REPRODUCCIONES (ID_PERFIL, ID_CONTENIDO, ID_EPISODIO, FECHA_HORA_INICIO, FECHA_HORA_FIN, DISPOSITIVO, PORCENTAJE_AVANCE) VALUES (12, 2, 12, TIMESTAMP '2024-06-11 11:42:00', TIMESTAMP '2024-06-11 13:24:00', 'TV', 86);
INSERT INTO REPRODUCCIONES (ID_PERFIL, ID_CONTENIDO, ID_EPISODIO, FECHA_HORA_INICIO, FECHA_HORA_FIN, DISPOSITIVO, PORCENTAJE_AVANCE) VALUES (13, 3, NULL, TIMESTAMP '2024-06-12 11:43:00', TIMESTAMP '2024-06-12 13:26:00', 'COMPUTADOR', 99);
INSERT INTO REPRODUCCIONES (ID_PERFIL, ID_CONTENIDO, ID_EPISODIO, FECHA_HORA_INICIO, FECHA_HORA_FIN, DISPOSITIVO, PORCENTAJE_AVANCE) VALUES (14, 4, NULL, TIMESTAMP '2024-06-13 11:44:00', TIMESTAMP '2024-06-13 13:28:00', 'CELULAR', 11);
INSERT INTO REPRODUCCIONES (ID_PERFIL, ID_CONTENIDO, ID_EPISODIO, FECHA_HORA_INICIO, FECHA_HORA_FIN, DISPOSITIVO, PORCENTAJE_AVANCE) VALUES (15, 5, 15, TIMESTAMP '2024-06-14 11:45:00', TIMESTAMP '2024-06-14 13:30:00', 'TABLET', 24);
INSERT INTO REPRODUCCIONES (ID_PERFIL, ID_CONTENIDO, ID_EPISODIO, FECHA_HORA_INICIO, FECHA_HORA_FIN, DISPOSITIVO, PORCENTAJE_AVANCE) VALUES (16, 6, NULL, TIMESTAMP '2024-06-15 11:46:00', TIMESTAMP '2024-06-15 13:32:00', 'TV', 37);
INSERT INTO REPRODUCCIONES (ID_PERFIL, ID_CONTENIDO, ID_EPISODIO, FECHA_HORA_INICIO, FECHA_HORA_FIN, DISPOSITIVO, PORCENTAJE_AVANCE) VALUES (17, 7, NULL, TIMESTAMP '2024-06-16 11:47:00', TIMESTAMP '2024-06-16 13:34:00', 'COMPUTADOR', 50);
INSERT INTO REPRODUCCIONES (ID_PERFIL, ID_CONTENIDO, ID_EPISODIO, FECHA_HORA_INICIO, FECHA_HORA_FIN, DISPOSITIVO, PORCENTAJE_AVANCE) VALUES (18, 8, 18, TIMESTAMP '2024-06-17 11:48:00', TIMESTAMP '2024-06-17 13:36:00', 'CELULAR', 63);
INSERT INTO REPRODUCCIONES (ID_PERFIL, ID_CONTENIDO, ID_EPISODIO, FECHA_HORA_INICIO, FECHA_HORA_FIN, DISPOSITIVO, PORCENTAJE_AVANCE) VALUES (19, 9, NULL, TIMESTAMP '2024-06-18 11:49:00', TIMESTAMP '2024-06-18 13:38:00', 'TABLET', 76);
INSERT INTO REPRODUCCIONES (ID_PERFIL, ID_CONTENIDO, ID_EPISODIO, FECHA_HORA_INICIO, FECHA_HORA_FIN, DISPOSITIVO, PORCENTAJE_AVANCE) VALUES (20, 10, NULL, TIMESTAMP '2024-06-19 11:50:00', TIMESTAMP '2024-06-19 13:40:00', 'TV', 89);
INSERT INTO REPRODUCCIONES (ID_PERFIL, ID_CONTENIDO, ID_EPISODIO, FECHA_HORA_INICIO, FECHA_HORA_FIN, DISPOSITIVO, PORCENTAJE_AVANCE) VALUES (21, 11, 21, TIMESTAMP '2024-06-20 11:51:00', TIMESTAMP '2024-06-20 13:42:00', 'COMPUTADOR', 1);
INSERT INTO REPRODUCCIONES (ID_PERFIL, ID_CONTENIDO, ID_EPISODIO, FECHA_HORA_INICIO, FECHA_HORA_FIN, DISPOSITIVO, PORCENTAJE_AVANCE) VALUES (22, 12, NULL, TIMESTAMP '2024-06-21 11:52:00', TIMESTAMP '2024-06-21 13:44:00', 'CELULAR', 14);
INSERT INTO REPRODUCCIONES (ID_PERFIL, ID_CONTENIDO, ID_EPISODIO, FECHA_HORA_INICIO, FECHA_HORA_FIN, DISPOSITIVO, PORCENTAJE_AVANCE) VALUES (23, 13, NULL, TIMESTAMP '2024-06-22 11:53:00', TIMESTAMP '2024-06-22 13:46:00', 'TABLET', 27);
INSERT INTO REPRODUCCIONES (ID_PERFIL, ID_CONTENIDO, ID_EPISODIO, FECHA_HORA_INICIO, FECHA_HORA_FIN, DISPOSITIVO, PORCENTAJE_AVANCE) VALUES (24, 14, 24, TIMESTAMP '2024-06-23 11:54:00', TIMESTAMP '2024-06-23 13:48:00', 'TV', 40);
INSERT INTO REPRODUCCIONES (ID_PERFIL, ID_CONTENIDO, ID_EPISODIO, FECHA_HORA_INICIO, FECHA_HORA_FIN, DISPOSITIVO, PORCENTAJE_AVANCE) VALUES (25, 15, NULL, TIMESTAMP '2024-06-24 11:55:00', TIMESTAMP '2024-06-24 13:50:00', 'COMPUTADOR', 53);
INSERT INTO REPRODUCCIONES (ID_PERFIL, ID_CONTENIDO, ID_EPISODIO, FECHA_HORA_INICIO, FECHA_HORA_FIN, DISPOSITIVO, PORCENTAJE_AVANCE) VALUES (26, 16, NULL, TIMESTAMP '2024-06-25 11:56:00', TIMESTAMP '2024-06-25 13:52:00', 'CELULAR', 66);
INSERT INTO REPRODUCCIONES (ID_PERFIL, ID_CONTENIDO, ID_EPISODIO, FECHA_HORA_INICIO, FECHA_HORA_FIN, DISPOSITIVO, PORCENTAJE_AVANCE) VALUES (27, 17, 27, TIMESTAMP '2024-06-26 11:57:00', TIMESTAMP '2024-06-26 13:54:00', 'TABLET', 79);
INSERT INTO REPRODUCCIONES (ID_PERFIL, ID_CONTENIDO, ID_EPISODIO, FECHA_HORA_INICIO, FECHA_HORA_FIN, DISPOSITIVO, PORCENTAJE_AVANCE) VALUES (28, 18, NULL, TIMESTAMP '2024-06-27 11:58:00', TIMESTAMP '2024-06-27 13:56:00', 'TV', 92);
INSERT INTO REPRODUCCIONES (ID_PERFIL, ID_CONTENIDO, ID_EPISODIO, FECHA_HORA_INICIO, FECHA_HORA_FIN, DISPOSITIVO, PORCENTAJE_AVANCE) VALUES (29, 19, NULL, TIMESTAMP '2024-06-28 11:59:00', TIMESTAMP '2024-06-28 13:58:00', 'COMPUTADOR', 4);
INSERT INTO REPRODUCCIONES (ID_PERFIL, ID_CONTENIDO, ID_EPISODIO, FECHA_HORA_INICIO, FECHA_HORA_FIN, DISPOSITIVO, PORCENTAJE_AVANCE) VALUES (30, 20, 30, TIMESTAMP '2024-06-29 12:00:00', TIMESTAMP '2024-06-29 12:30:00', 'CELULAR', 17);
INSERT INTO REPRODUCCIONES (ID_PERFIL, ID_CONTENIDO, ID_EPISODIO, FECHA_HORA_INICIO, FECHA_HORA_FIN, DISPOSITIVO, PORCENTAJE_AVANCE) VALUES (31, 21, NULL, TIMESTAMP '2024-06-30 12:01:00', TIMESTAMP '2024-06-30 12:32:00', 'TABLET', 30);
INSERT INTO REPRODUCCIONES (ID_PERFIL, ID_CONTENIDO, ID_EPISODIO, FECHA_HORA_INICIO, FECHA_HORA_FIN, DISPOSITIVO, PORCENTAJE_AVANCE) VALUES (32, 22, NULL, TIMESTAMP '2024-07-01 12:02:00', TIMESTAMP '2024-07-01 12:34:00', 'TV', 43);
INSERT INTO REPRODUCCIONES (ID_PERFIL, ID_CONTENIDO, ID_EPISODIO, FECHA_HORA_INICIO, FECHA_HORA_FIN, DISPOSITIVO, PORCENTAJE_AVANCE) VALUES (33, 23, 33, TIMESTAMP '2024-07-02 12:03:00', TIMESTAMP '2024-07-02 12:36:00', 'COMPUTADOR', 56);
INSERT INTO REPRODUCCIONES (ID_PERFIL, ID_CONTENIDO, ID_EPISODIO, FECHA_HORA_INICIO, FECHA_HORA_FIN, DISPOSITIVO, PORCENTAJE_AVANCE) VALUES (34, 24, NULL, TIMESTAMP '2024-07-03 12:04:00', TIMESTAMP '2024-07-03 12:38:00', 'CELULAR', 69);
INSERT INTO REPRODUCCIONES (ID_PERFIL, ID_CONTENIDO, ID_EPISODIO, FECHA_HORA_INICIO, FECHA_HORA_FIN, DISPOSITIVO, PORCENTAJE_AVANCE) VALUES (35, 25, NULL, TIMESTAMP '2024-07-04 12:05:00', TIMESTAMP '2024-07-04 12:40:00', 'TABLET', 82);
INSERT INTO REPRODUCCIONES (ID_PERFIL, ID_CONTENIDO, ID_EPISODIO, FECHA_HORA_INICIO, FECHA_HORA_FIN, DISPOSITIVO, PORCENTAJE_AVANCE) VALUES (36, 26, 36, TIMESTAMP '2024-07-05 12:06:00', TIMESTAMP '2024-07-05 12:42:00', 'TV', 95);
INSERT INTO REPRODUCCIONES (ID_PERFIL, ID_CONTENIDO, ID_EPISODIO, FECHA_HORA_INICIO, FECHA_HORA_FIN, DISPOSITIVO, PORCENTAJE_AVANCE) VALUES (37, 27, NULL, TIMESTAMP '2024-07-06 12:07:00', TIMESTAMP '2024-07-06 12:44:00', 'COMPUTADOR', 7);
INSERT INTO REPRODUCCIONES (ID_PERFIL, ID_CONTENIDO, ID_EPISODIO, FECHA_HORA_INICIO, FECHA_HORA_FIN, DISPOSITIVO, PORCENTAJE_AVANCE) VALUES (38, 28, NULL, TIMESTAMP '2024-07-07 12:08:00', TIMESTAMP '2024-07-07 12:46:00', 'CELULAR', 20);
INSERT INTO REPRODUCCIONES (ID_PERFIL, ID_CONTENIDO, ID_EPISODIO, FECHA_HORA_INICIO, FECHA_HORA_FIN, DISPOSITIVO, PORCENTAJE_AVANCE) VALUES (39, 29, 39, TIMESTAMP '2024-07-08 12:09:00', TIMESTAMP '2024-07-08 12:48:00', 'TABLET', 33);
INSERT INTO REPRODUCCIONES (ID_PERFIL, ID_CONTENIDO, ID_EPISODIO, FECHA_HORA_INICIO, FECHA_HORA_FIN, DISPOSITIVO, PORCENTAJE_AVANCE) VALUES (40, 30, NULL, TIMESTAMP '2024-07-09 12:10:00', TIMESTAMP '2024-07-09 12:50:00', 'TV', 46);
INSERT INTO REPRODUCCIONES (ID_PERFIL, ID_CONTENIDO, ID_EPISODIO, FECHA_HORA_INICIO, FECHA_HORA_FIN, DISPOSITIVO, PORCENTAJE_AVANCE) VALUES (41, 31, NULL, TIMESTAMP '2024-07-10 12:11:00', TIMESTAMP '2024-07-10 12:52:00', 'COMPUTADOR', 59);
INSERT INTO REPRODUCCIONES (ID_PERFIL, ID_CONTENIDO, ID_EPISODIO, FECHA_HORA_INICIO, FECHA_HORA_FIN, DISPOSITIVO, PORCENTAJE_AVANCE) VALUES (42, 32, 42, TIMESTAMP '2024-07-11 12:12:00', TIMESTAMP '2024-07-11 12:54:00', 'CELULAR', 72);
INSERT INTO REPRODUCCIONES (ID_PERFIL, ID_CONTENIDO, ID_EPISODIO, FECHA_HORA_INICIO, FECHA_HORA_FIN, DISPOSITIVO, PORCENTAJE_AVANCE) VALUES (43, 33, NULL, TIMESTAMP '2024-07-12 12:13:00', TIMESTAMP '2024-07-12 12:56:00', 'TABLET', 85);
INSERT INTO REPRODUCCIONES (ID_PERFIL, ID_CONTENIDO, ID_EPISODIO, FECHA_HORA_INICIO, FECHA_HORA_FIN, DISPOSITIVO, PORCENTAJE_AVANCE) VALUES (44, 34, NULL, TIMESTAMP '2024-07-13 12:14:00', TIMESTAMP '2024-07-13 12:58:00', 'TV', 98);
INSERT INTO REPRODUCCIONES (ID_PERFIL, ID_CONTENIDO, ID_EPISODIO, FECHA_HORA_INICIO, FECHA_HORA_FIN, DISPOSITIVO, PORCENTAJE_AVANCE) VALUES (45, 35, 45, TIMESTAMP '2024-07-14 12:15:00', TIMESTAMP '2024-07-14 13:00:00', 'COMPUTADOR', 10);
INSERT INTO REPRODUCCIONES (ID_PERFIL, ID_CONTENIDO, ID_EPISODIO, FECHA_HORA_INICIO, FECHA_HORA_FIN, DISPOSITIVO, PORCENTAJE_AVANCE) VALUES (46, 36, NULL, TIMESTAMP '2024-07-15 12:16:00', TIMESTAMP '2024-07-15 13:02:00', 'CELULAR', 23);
INSERT INTO REPRODUCCIONES (ID_PERFIL, ID_CONTENIDO, ID_EPISODIO, FECHA_HORA_INICIO, FECHA_HORA_FIN, DISPOSITIVO, PORCENTAJE_AVANCE) VALUES (47, 37, NULL, TIMESTAMP '2024-07-16 12:17:00', TIMESTAMP '2024-07-16 13:04:00', 'TABLET', 36);
INSERT INTO REPRODUCCIONES (ID_PERFIL, ID_CONTENIDO, ID_EPISODIO, FECHA_HORA_INICIO, FECHA_HORA_FIN, DISPOSITIVO, PORCENTAJE_AVANCE) VALUES (48, 38, 48, TIMESTAMP '2024-07-17 12:18:00', TIMESTAMP '2024-07-17 13:06:00', 'TV', 49);
INSERT INTO REPRODUCCIONES (ID_PERFIL, ID_CONTENIDO, ID_EPISODIO, FECHA_HORA_INICIO, FECHA_HORA_FIN, DISPOSITIVO, PORCENTAJE_AVANCE) VALUES (49, 39, NULL, TIMESTAMP '2024-07-18 12:19:00', TIMESTAMP '2024-07-18 13:08:00', 'COMPUTADOR', 62);
INSERT INTO REPRODUCCIONES (ID_PERFIL, ID_CONTENIDO, ID_EPISODIO, FECHA_HORA_INICIO, FECHA_HORA_FIN, DISPOSITIVO, PORCENTAJE_AVANCE) VALUES (50, 40, NULL, TIMESTAMP '2024-07-19 12:20:00', TIMESTAMP '2024-07-19 13:10:00', 'CELULAR', 75);

INSERT INTO CALIFICACIONES (ID_PERFIL, ID_CONTENIDO, ESTRELLAS, RESENA, FECHA_CALIFICACION) VALUES (1, 8, 2, 'Reseña automática 1', TIMESTAMP '2024-12-31 12:00:00');
INSERT INTO CALIFICACIONES (ID_PERFIL, ID_CONTENIDO, ESTRELLAS, RESENA, FECHA_CALIFICACION) VALUES (2, 15, 3, 'Reseña automática 2', TIMESTAMP '2024-12-30 12:00:00');
INSERT INTO CALIFICACIONES (ID_PERFIL, ID_CONTENIDO, ESTRELLAS, RESENA, FECHA_CALIFICACION) VALUES (3, 22, 4, 'Reseña automática 3', TIMESTAMP '2024-12-29 12:00:00');
INSERT INTO CALIFICACIONES (ID_PERFIL, ID_CONTENIDO, ESTRELLAS, RESENA, FECHA_CALIFICACION) VALUES (4, 29, 5, 'Reseña automática 4', TIMESTAMP '2024-12-28 12:00:00');
INSERT INTO CALIFICACIONES (ID_PERFIL, ID_CONTENIDO, ESTRELLAS, RESENA, FECHA_CALIFICACION) VALUES (5, 36, 1, 'Reseña automática 5', TIMESTAMP '2024-12-27 12:00:00');
INSERT INTO CALIFICACIONES (ID_PERFIL, ID_CONTENIDO, ESTRELLAS, RESENA, FECHA_CALIFICACION) VALUES (6, 3, 2, 'Reseña automática 6', TIMESTAMP '2024-12-26 12:00:00');
INSERT INTO CALIFICACIONES (ID_PERFIL, ID_CONTENIDO, ESTRELLAS, RESENA, FECHA_CALIFICACION) VALUES (7, 10, 3, 'Reseña automática 7', TIMESTAMP '2024-12-25 12:00:00');
INSERT INTO CALIFICACIONES (ID_PERFIL, ID_CONTENIDO, ESTRELLAS, RESENA, FECHA_CALIFICACION) VALUES (8, 17, 4, 'Reseña automática 8', TIMESTAMP '2024-12-24 12:00:00');
INSERT INTO CALIFICACIONES (ID_PERFIL, ID_CONTENIDO, ESTRELLAS, RESENA, FECHA_CALIFICACION) VALUES (9, 24, 5, 'Reseña automática 9', TIMESTAMP '2024-12-23 12:00:00');
INSERT INTO CALIFICACIONES (ID_PERFIL, ID_CONTENIDO, ESTRELLAS, RESENA, FECHA_CALIFICACION) VALUES (10, 31, 1, 'Reseña automática 10', TIMESTAMP '2024-12-22 12:00:00');
INSERT INTO CALIFICACIONES (ID_PERFIL, ID_CONTENIDO, ESTRELLAS, RESENA, FECHA_CALIFICACION) VALUES (11, 38, 2, 'Reseña automática 11', TIMESTAMP '2024-12-21 12:00:00');
INSERT INTO CALIFICACIONES (ID_PERFIL, ID_CONTENIDO, ESTRELLAS, RESENA, FECHA_CALIFICACION) VALUES (12, 5, 3, 'Reseña automática 12', TIMESTAMP '2024-12-20 12:00:00');
INSERT INTO CALIFICACIONES (ID_PERFIL, ID_CONTENIDO, ESTRELLAS, RESENA, FECHA_CALIFICACION) VALUES (13, 12, 4, 'Reseña automática 13', TIMESTAMP '2024-12-19 12:00:00');
INSERT INTO CALIFICACIONES (ID_PERFIL, ID_CONTENIDO, ESTRELLAS, RESENA, FECHA_CALIFICACION) VALUES (14, 19, 5, 'Reseña automática 14', TIMESTAMP '2024-12-18 12:00:00');
INSERT INTO CALIFICACIONES (ID_PERFIL, ID_CONTENIDO, ESTRELLAS, RESENA, FECHA_CALIFICACION) VALUES (15, 26, 1, 'Reseña automática 15', TIMESTAMP '2024-12-17 12:00:00');
INSERT INTO CALIFICACIONES (ID_PERFIL, ID_CONTENIDO, ESTRELLAS, RESENA, FECHA_CALIFICACION) VALUES (16, 33, 2, 'Reseña automática 16', TIMESTAMP '2024-12-16 12:00:00');
INSERT INTO CALIFICACIONES (ID_PERFIL, ID_CONTENIDO, ESTRELLAS, RESENA, FECHA_CALIFICACION) VALUES (17, 40, 3, 'Reseña automática 17', TIMESTAMP '2024-12-15 12:00:00');
INSERT INTO CALIFICACIONES (ID_PERFIL, ID_CONTENIDO, ESTRELLAS, RESENA, FECHA_CALIFICACION) VALUES (18, 7, 4, 'Reseña automática 18', TIMESTAMP '2024-12-14 12:00:00');
INSERT INTO CALIFICACIONES (ID_PERFIL, ID_CONTENIDO, ESTRELLAS, RESENA, FECHA_CALIFICACION) VALUES (19, 14, 5, 'Reseña automática 19', TIMESTAMP '2024-12-13 12:00:00');
INSERT INTO CALIFICACIONES (ID_PERFIL, ID_CONTENIDO, ESTRELLAS, RESENA, FECHA_CALIFICACION) VALUES (20, 21, 1, 'Reseña automática 20', TIMESTAMP '2024-12-12 12:00:00');
INSERT INTO CALIFICACIONES (ID_PERFIL, ID_CONTENIDO, ESTRELLAS, RESENA, FECHA_CALIFICACION) VALUES (21, 28, 2, 'Reseña automática 21', TIMESTAMP '2024-12-11 12:00:00');
INSERT INTO CALIFICACIONES (ID_PERFIL, ID_CONTENIDO, ESTRELLAS, RESENA, FECHA_CALIFICACION) VALUES (22, 35, 3, 'Reseña automática 22', TIMESTAMP '2024-12-10 12:00:00');
INSERT INTO CALIFICACIONES (ID_PERFIL, ID_CONTENIDO, ESTRELLAS, RESENA, FECHA_CALIFICACION) VALUES (23, 2, 4, 'Reseña automática 23', TIMESTAMP '2024-12-09 12:00:00');
INSERT INTO CALIFICACIONES (ID_PERFIL, ID_CONTENIDO, ESTRELLAS, RESENA, FECHA_CALIFICACION) VALUES (24, 9, 5, 'Reseña automática 24', TIMESTAMP '2024-12-08 12:00:00');
INSERT INTO CALIFICACIONES (ID_PERFIL, ID_CONTENIDO, ESTRELLAS, RESENA, FECHA_CALIFICACION) VALUES (25, 16, 1, 'Reseña automática 25', TIMESTAMP '2024-12-07 12:00:00');
INSERT INTO CALIFICACIONES (ID_PERFIL, ID_CONTENIDO, ESTRELLAS, RESENA, FECHA_CALIFICACION) VALUES (26, 23, 2, 'Reseña automática 26', TIMESTAMP '2024-12-06 12:00:00');
INSERT INTO CALIFICACIONES (ID_PERFIL, ID_CONTENIDO, ESTRELLAS, RESENA, FECHA_CALIFICACION) VALUES (27, 30, 3, 'Reseña automática 27', TIMESTAMP '2024-12-05 12:00:00');
INSERT INTO CALIFICACIONES (ID_PERFIL, ID_CONTENIDO, ESTRELLAS, RESENA, FECHA_CALIFICACION) VALUES (28, 37, 4, 'Reseña automática 28', TIMESTAMP '2024-12-04 12:00:00');
INSERT INTO CALIFICACIONES (ID_PERFIL, ID_CONTENIDO, ESTRELLAS, RESENA, FECHA_CALIFICACION) VALUES (29, 4, 5, 'Reseña automática 29', TIMESTAMP '2024-12-03 12:00:00');
INSERT INTO CALIFICACIONES (ID_PERFIL, ID_CONTENIDO, ESTRELLAS, RESENA, FECHA_CALIFICACION) VALUES (30, 11, 1, 'Reseña automática 30', TIMESTAMP '2024-12-02 12:00:00');
INSERT INTO CALIFICACIONES (ID_PERFIL, ID_CONTENIDO, ESTRELLAS, RESENA, FECHA_CALIFICACION) VALUES (31, 18, 2, 'Reseña automática 31', TIMESTAMP '2024-12-01 12:00:00');
INSERT INTO CALIFICACIONES (ID_PERFIL, ID_CONTENIDO, ESTRELLAS, RESENA, FECHA_CALIFICACION) VALUES (32, 25, 3, 'Reseña automática 32', TIMESTAMP '2024-11-30 12:00:00');
INSERT INTO CALIFICACIONES (ID_PERFIL, ID_CONTENIDO, ESTRELLAS, RESENA, FECHA_CALIFICACION) VALUES (33, 32, 4, 'Reseña automática 33', TIMESTAMP '2024-11-29 12:00:00');
INSERT INTO CALIFICACIONES (ID_PERFIL, ID_CONTENIDO, ESTRELLAS, RESENA, FECHA_CALIFICACION) VALUES (34, 39, 5, 'Reseña automática 34', TIMESTAMP '2024-11-28 12:00:00');
INSERT INTO CALIFICACIONES (ID_PERFIL, ID_CONTENIDO, ESTRELLAS, RESENA, FECHA_CALIFICACION) VALUES (35, 6, 1, 'Reseña automática 35', TIMESTAMP '2024-11-27 12:00:00');
INSERT INTO CALIFICACIONES (ID_PERFIL, ID_CONTENIDO, ESTRELLAS, RESENA, FECHA_CALIFICACION) VALUES (36, 13, 2, 'Reseña automática 36', TIMESTAMP '2024-11-26 12:00:00');
INSERT INTO CALIFICACIONES (ID_PERFIL, ID_CONTENIDO, ESTRELLAS, RESENA, FECHA_CALIFICACION) VALUES (37, 20, 3, 'Reseña automática 37', TIMESTAMP '2024-11-25 12:00:00');
INSERT INTO CALIFICACIONES (ID_PERFIL, ID_CONTENIDO, ESTRELLAS, RESENA, FECHA_CALIFICACION) VALUES (38, 27, 4, 'Reseña automática 38', TIMESTAMP '2024-11-24 12:00:00');
INSERT INTO CALIFICACIONES (ID_PERFIL, ID_CONTENIDO, ESTRELLAS, RESENA, FECHA_CALIFICACION) VALUES (39, 34, 5, 'Reseña automática 39', TIMESTAMP '2024-11-23 12:00:00');
INSERT INTO CALIFICACIONES (ID_PERFIL, ID_CONTENIDO, ESTRELLAS, RESENA, FECHA_CALIFICACION) VALUES (40, 1, 1, 'Reseña automática 40', TIMESTAMP '2024-11-22 12:00:00');
INSERT INTO CALIFICACIONES (ID_PERFIL, ID_CONTENIDO, ESTRELLAS, RESENA, FECHA_CALIFICACION) VALUES (41, 8, 2, 'Reseña automática 41', TIMESTAMP '2024-11-21 12:00:00');
INSERT INTO CALIFICACIONES (ID_PERFIL, ID_CONTENIDO, ESTRELLAS, RESENA, FECHA_CALIFICACION) VALUES (42, 15, 3, 'Reseña automática 42', TIMESTAMP '2024-11-20 12:00:00');
INSERT INTO CALIFICACIONES (ID_PERFIL, ID_CONTENIDO, ESTRELLAS, RESENA, FECHA_CALIFICACION) VALUES (43, 22, 4, 'Reseña automática 43', TIMESTAMP '2024-11-19 12:00:00');
INSERT INTO CALIFICACIONES (ID_PERFIL, ID_CONTENIDO, ESTRELLAS, RESENA, FECHA_CALIFICACION) VALUES (44, 29, 5, 'Reseña automática 44', TIMESTAMP '2024-11-18 12:00:00');
INSERT INTO CALIFICACIONES (ID_PERFIL, ID_CONTENIDO, ESTRELLAS, RESENA, FECHA_CALIFICACION) VALUES (45, 36, 1, 'Reseña automática 45', TIMESTAMP '2024-11-17 12:00:00');
INSERT INTO CALIFICACIONES (ID_PERFIL, ID_CONTENIDO, ESTRELLAS, RESENA, FECHA_CALIFICACION) VALUES (46, 3, 2, 'Reseña automática 46', TIMESTAMP '2024-11-16 12:00:00');
INSERT INTO CALIFICACIONES (ID_PERFIL, ID_CONTENIDO, ESTRELLAS, RESENA, FECHA_CALIFICACION) VALUES (47, 10, 3, 'Reseña automática 47', TIMESTAMP '2024-11-15 12:00:00');
INSERT INTO CALIFICACIONES (ID_PERFIL, ID_CONTENIDO, ESTRELLAS, RESENA, FECHA_CALIFICACION) VALUES (48, 17, 4, 'Reseña automática 48', TIMESTAMP '2024-11-14 12:00:00');
INSERT INTO CALIFICACIONES (ID_PERFIL, ID_CONTENIDO, ESTRELLAS, RESENA, FECHA_CALIFICACION) VALUES (49, 24, 5, 'Reseña automática 49', TIMESTAMP '2024-11-13 12:00:00');
INSERT INTO CALIFICACIONES (ID_PERFIL, ID_CONTENIDO, ESTRELLAS, RESENA, FECHA_CALIFICACION) VALUES (50, 31, 1, 'Reseña automática 50', TIMESTAMP '2024-11-12 12:00:00');
INSERT INTO CALIFICACIONES (ID_PERFIL, ID_CONTENIDO, ESTRELLAS, RESENA, FECHA_CALIFICACION) VALUES (1, 12, 2, 'Reseña automática 51', TIMESTAMP '2024-11-11 12:00:00');
INSERT INTO CALIFICACIONES (ID_PERFIL, ID_CONTENIDO, ESTRELLAS, RESENA, FECHA_CALIFICACION) VALUES (2, 23, 3, 'Reseña automática 52', TIMESTAMP '2024-11-10 12:00:00');
INSERT INTO CALIFICACIONES (ID_PERFIL, ID_CONTENIDO, ESTRELLAS, RESENA, FECHA_CALIFICACION) VALUES (3, 34, 4, 'Reseña automática 53', TIMESTAMP '2024-11-09 12:00:00');
INSERT INTO CALIFICACIONES (ID_PERFIL, ID_CONTENIDO, ESTRELLAS, RESENA, FECHA_CALIFICACION) VALUES (4, 5, 5, 'Reseña automática 54', TIMESTAMP '2024-11-08 12:00:00');
INSERT INTO CALIFICACIONES (ID_PERFIL, ID_CONTENIDO, ESTRELLAS, RESENA, FECHA_CALIFICACION) VALUES (5, 16, 1, 'Reseña automática 55', TIMESTAMP '2024-11-07 12:00:00');
INSERT INTO CALIFICACIONES (ID_PERFIL, ID_CONTENIDO, ESTRELLAS, RESENA, FECHA_CALIFICACION) VALUES (6, 27, 2, 'Reseña automática 56', TIMESTAMP '2024-11-06 12:00:00');
INSERT INTO CALIFICACIONES (ID_PERFIL, ID_CONTENIDO, ESTRELLAS, RESENA, FECHA_CALIFICACION) VALUES (7, 38, 3, 'Reseña automática 57', TIMESTAMP '2024-11-05 12:00:00');
INSERT INTO CALIFICACIONES (ID_PERFIL, ID_CONTENIDO, ESTRELLAS, RESENA, FECHA_CALIFICACION) VALUES (8, 9, 4, 'Reseña automática 58', TIMESTAMP '2024-11-04 12:00:00');
INSERT INTO CALIFICACIONES (ID_PERFIL, ID_CONTENIDO, ESTRELLAS, RESENA, FECHA_CALIFICACION) VALUES (9, 20, 5, 'Reseña automática 59', TIMESTAMP '2024-11-03 12:00:00');
INSERT INTO CALIFICACIONES (ID_PERFIL, ID_CONTENIDO, ESTRELLAS, RESENA, FECHA_CALIFICACION) VALUES (11, 2, 1, 'Reseña automática 60', TIMESTAMP '2024-11-02 12:00:00');

INSERT INTO FAVORITOS (ID_PERFIL, ID_CONTENIDO, FECHA_AGREGADO) VALUES (1, 10, TIMESTAMP '2025-01-31 08:00:00');
INSERT INTO FAVORITOS (ID_PERFIL, ID_CONTENIDO, FECHA_AGREGADO) VALUES (2, 19, TIMESTAMP '2025-01-30 08:00:00');
INSERT INTO FAVORITOS (ID_PERFIL, ID_CONTENIDO, FECHA_AGREGADO) VALUES (3, 28, TIMESTAMP '2025-01-29 08:00:00');
INSERT INTO FAVORITOS (ID_PERFIL, ID_CONTENIDO, FECHA_AGREGADO) VALUES (4, 37, TIMESTAMP '2025-01-28 08:00:00');
INSERT INTO FAVORITOS (ID_PERFIL, ID_CONTENIDO, FECHA_AGREGADO) VALUES (5, 6, TIMESTAMP '2025-01-27 08:00:00');
INSERT INTO FAVORITOS (ID_PERFIL, ID_CONTENIDO, FECHA_AGREGADO) VALUES (6, 15, TIMESTAMP '2025-01-26 08:00:00');
INSERT INTO FAVORITOS (ID_PERFIL, ID_CONTENIDO, FECHA_AGREGADO) VALUES (7, 24, TIMESTAMP '2025-01-25 08:00:00');
INSERT INTO FAVORITOS (ID_PERFIL, ID_CONTENIDO, FECHA_AGREGADO) VALUES (8, 33, TIMESTAMP '2025-01-24 08:00:00');
INSERT INTO FAVORITOS (ID_PERFIL, ID_CONTENIDO, FECHA_AGREGADO) VALUES (9, 2, TIMESTAMP '2025-01-23 08:00:00');
INSERT INTO FAVORITOS (ID_PERFIL, ID_CONTENIDO, FECHA_AGREGADO) VALUES (10, 11, TIMESTAMP '2025-01-22 08:00:00');
INSERT INTO FAVORITOS (ID_PERFIL, ID_CONTENIDO, FECHA_AGREGADO) VALUES (11, 20, TIMESTAMP '2025-01-21 08:00:00');
INSERT INTO FAVORITOS (ID_PERFIL, ID_CONTENIDO, FECHA_AGREGADO) VALUES (12, 29, TIMESTAMP '2025-01-20 08:00:00');
INSERT INTO FAVORITOS (ID_PERFIL, ID_CONTENIDO, FECHA_AGREGADO) VALUES (13, 38, TIMESTAMP '2025-01-19 08:00:00');
INSERT INTO FAVORITOS (ID_PERFIL, ID_CONTENIDO, FECHA_AGREGADO) VALUES (14, 7, TIMESTAMP '2025-01-18 08:00:00');
INSERT INTO FAVORITOS (ID_PERFIL, ID_CONTENIDO, FECHA_AGREGADO) VALUES (15, 16, TIMESTAMP '2025-01-17 08:00:00');
INSERT INTO FAVORITOS (ID_PERFIL, ID_CONTENIDO, FECHA_AGREGADO) VALUES (16, 25, TIMESTAMP '2025-01-16 08:00:00');
INSERT INTO FAVORITOS (ID_PERFIL, ID_CONTENIDO, FECHA_AGREGADO) VALUES (17, 34, TIMESTAMP '2025-01-15 08:00:00');
INSERT INTO FAVORITOS (ID_PERFIL, ID_CONTENIDO, FECHA_AGREGADO) VALUES (18, 3, TIMESTAMP '2025-01-14 08:00:00');
INSERT INTO FAVORITOS (ID_PERFIL, ID_CONTENIDO, FECHA_AGREGADO) VALUES (19, 12, TIMESTAMP '2025-01-13 08:00:00');
INSERT INTO FAVORITOS (ID_PERFIL, ID_CONTENIDO, FECHA_AGREGADO) VALUES (20, 21, TIMESTAMP '2025-01-12 08:00:00');
INSERT INTO FAVORITOS (ID_PERFIL, ID_CONTENIDO, FECHA_AGREGADO) VALUES (21, 30, TIMESTAMP '2025-01-11 08:00:00');
INSERT INTO FAVORITOS (ID_PERFIL, ID_CONTENIDO, FECHA_AGREGADO) VALUES (22, 39, TIMESTAMP '2025-01-10 08:00:00');
INSERT INTO FAVORITOS (ID_PERFIL, ID_CONTENIDO, FECHA_AGREGADO) VALUES (23, 8, TIMESTAMP '2025-01-09 08:00:00');
INSERT INTO FAVORITOS (ID_PERFIL, ID_CONTENIDO, FECHA_AGREGADO) VALUES (24, 17, TIMESTAMP '2025-01-08 08:00:00');
INSERT INTO FAVORITOS (ID_PERFIL, ID_CONTENIDO, FECHA_AGREGADO) VALUES (25, 26, TIMESTAMP '2025-01-07 08:00:00');
INSERT INTO FAVORITOS (ID_PERFIL, ID_CONTENIDO, FECHA_AGREGADO) VALUES (26, 35, TIMESTAMP '2025-01-06 08:00:00');
INSERT INTO FAVORITOS (ID_PERFIL, ID_CONTENIDO, FECHA_AGREGADO) VALUES (27, 4, TIMESTAMP '2025-01-05 08:00:00');
INSERT INTO FAVORITOS (ID_PERFIL, ID_CONTENIDO, FECHA_AGREGADO) VALUES (28, 13, TIMESTAMP '2025-01-04 08:00:00');
INSERT INTO FAVORITOS (ID_PERFIL, ID_CONTENIDO, FECHA_AGREGADO) VALUES (29, 22, TIMESTAMP '2025-01-03 08:00:00');
INSERT INTO FAVORITOS (ID_PERFIL, ID_CONTENIDO, FECHA_AGREGADO) VALUES (30, 31, TIMESTAMP '2025-01-02 08:00:00');
INSERT INTO FAVORITOS (ID_PERFIL, ID_CONTENIDO, FECHA_AGREGADO) VALUES (31, 40, TIMESTAMP '2025-01-01 08:00:00');
INSERT INTO FAVORITOS (ID_PERFIL, ID_CONTENIDO, FECHA_AGREGADO) VALUES (32, 9, TIMESTAMP '2024-12-31 08:00:00');
INSERT INTO FAVORITOS (ID_PERFIL, ID_CONTENIDO, FECHA_AGREGADO) VALUES (33, 18, TIMESTAMP '2024-12-30 08:00:00');
INSERT INTO FAVORITOS (ID_PERFIL, ID_CONTENIDO, FECHA_AGREGADO) VALUES (34, 27, TIMESTAMP '2024-12-29 08:00:00');
INSERT INTO FAVORITOS (ID_PERFIL, ID_CONTENIDO, FECHA_AGREGADO) VALUES (35, 36, TIMESTAMP '2024-12-28 08:00:00');
INSERT INTO FAVORITOS (ID_PERFIL, ID_CONTENIDO, FECHA_AGREGADO) VALUES (36, 5, TIMESTAMP '2024-12-27 08:00:00');
INSERT INTO FAVORITOS (ID_PERFIL, ID_CONTENIDO, FECHA_AGREGADO) VALUES (37, 14, TIMESTAMP '2024-12-26 08:00:00');
INSERT INTO FAVORITOS (ID_PERFIL, ID_CONTENIDO, FECHA_AGREGADO) VALUES (38, 23, TIMESTAMP '2024-12-25 08:00:00');
INSERT INTO FAVORITOS (ID_PERFIL, ID_CONTENIDO, FECHA_AGREGADO) VALUES (39, 32, TIMESTAMP '2024-12-24 08:00:00');
INSERT INTO FAVORITOS (ID_PERFIL, ID_CONTENIDO, FECHA_AGREGADO) VALUES (40, 1, TIMESTAMP '2024-12-23 08:00:00');

INSERT INTO PAGOS (ID_USUARIO, FECHA_PAGO, MONTO, METODO_PAGO, ESTADO_PAGO, REFERENCIA, DESCUENTO_APLICADO) VALUES (1, TIMESTAMP '2025-01-31 11:00:00', 24900, 'TARJETA_DEBITO', 'EXITOSO', 'REF-1', 0);
INSERT INTO PAGOS (ID_USUARIO, FECHA_PAGO, MONTO, METODO_PAGO, ESTADO_PAGO, REFERENCIA, DESCUENTO_APLICADO) VALUES (2, TIMESTAMP '2025-03-02 12:00:00', 34900, 'PSE', 'EXITOSO', 'REF-2', 0);
INSERT INTO PAGOS (ID_USUARIO, FECHA_PAGO, MONTO, METODO_PAGO, ESTADO_PAGO, REFERENCIA, DESCUENTO_APLICADO) VALUES (3, TIMESTAMP '2025-04-01 13:00:00', 14900, 'NEQUI', 'EXITOSO', 'REF-3', 0);
INSERT INTO PAGOS (ID_USUARIO, FECHA_PAGO, MONTO, METODO_PAGO, ESTADO_PAGO, REFERENCIA, DESCUENTO_APLICADO) VALUES (4, TIMESTAMP '2025-05-01 14:00:00', 24900, 'DAVIPLATA', 'EXITOSO', 'REF-4', 0);
INSERT INTO PAGOS (ID_USUARIO, FECHA_PAGO, MONTO, METODO_PAGO, ESTADO_PAGO, REFERENCIA, DESCUENTO_APLICADO) VALUES (5, TIMESTAMP '2025-05-31 15:00:00', 34900, 'TARJETA_CREDITO', 'EXITOSO', 'REF-5', 0);
INSERT INTO PAGOS (ID_USUARIO, FECHA_PAGO, MONTO, METODO_PAGO, ESTADO_PAGO, REFERENCIA, DESCUENTO_APLICADO) VALUES (6, TIMESTAMP '2025-06-30 16:00:00', 14900, 'TARJETA_DEBITO', 'EXITOSO', 'REF-6', 0);
INSERT INTO PAGOS (ID_USUARIO, FECHA_PAGO, MONTO, METODO_PAGO, ESTADO_PAGO, REFERENCIA, DESCUENTO_APLICADO) VALUES (7, TIMESTAMP '2025-07-30 17:00:00', 24900, 'PSE', 'EXITOSO', 'REF-7', 0);
INSERT INTO PAGOS (ID_USUARIO, FECHA_PAGO, MONTO, METODO_PAGO, ESTADO_PAGO, REFERENCIA, DESCUENTO_APLICADO) VALUES (8, TIMESTAMP '2025-01-01 18:00:00', 34900, 'NEQUI', 'EXITOSO', 'REF-8', 0);
INSERT INTO PAGOS (ID_USUARIO, FECHA_PAGO, MONTO, METODO_PAGO, ESTADO_PAGO, REFERENCIA, DESCUENTO_APLICADO) VALUES (9, TIMESTAMP '2025-01-31 19:00:00', 14900, 'DAVIPLATA', 'EXITOSO', 'REF-9', 0);
INSERT INTO PAGOS (ID_USUARIO, FECHA_PAGO, MONTO, METODO_PAGO, ESTADO_PAGO, REFERENCIA, DESCUENTO_APLICADO) VALUES (10, TIMESTAMP '2025-03-02 20:00:00', 24900, 'TARJETA_CREDITO', 'FALLIDO', 'REF-10', 0);
INSERT INTO PAGOS (ID_USUARIO, FECHA_PAGO, MONTO, METODO_PAGO, ESTADO_PAGO, REFERENCIA, DESCUENTO_APLICADO) VALUES (11, TIMESTAMP '2025-04-01 21:00:00', 34900, 'TARJETA_DEBITO', 'EXITOSO', 'REF-11', 0);
INSERT INTO PAGOS (ID_USUARIO, FECHA_PAGO, MONTO, METODO_PAGO, ESTADO_PAGO, REFERENCIA, DESCUENTO_APLICADO) VALUES (12, TIMESTAMP '2025-05-01 22:00:00', 14900, 'PSE', 'EXITOSO', 'REF-12', 3000);
INSERT INTO PAGOS (ID_USUARIO, FECHA_PAGO, MONTO, METODO_PAGO, ESTADO_PAGO, REFERENCIA, DESCUENTO_APLICADO) VALUES (13, TIMESTAMP '2025-05-31 23:00:00', 24900, 'NEQUI', 'EXITOSO', 'REF-13', 0);
INSERT INTO PAGOS (ID_USUARIO, FECHA_PAGO, MONTO, METODO_PAGO, ESTADO_PAGO, REFERENCIA, DESCUENTO_APLICADO) VALUES (14, TIMESTAMP '2025-07-01 00:00:00', 34900, 'DAVIPLATA', 'EXITOSO', 'REF-14', 0);
INSERT INTO PAGOS (ID_USUARIO, FECHA_PAGO, MONTO, METODO_PAGO, ESTADO_PAGO, REFERENCIA, DESCUENTO_APLICADO) VALUES (15, TIMESTAMP '2025-07-31 01:00:00', 14900, 'TARJETA_CREDITO', 'PENDIENTE', 'REF-15', 0);
INSERT INTO PAGOS (ID_USUARIO, FECHA_PAGO, MONTO, METODO_PAGO, ESTADO_PAGO, REFERENCIA, DESCUENTO_APLICADO) VALUES (16, TIMESTAMP '2025-01-02 02:00:00', 24900, 'TARJETA_DEBITO', 'EXITOSO', 'REF-16', 0);
INSERT INTO PAGOS (ID_USUARIO, FECHA_PAGO, MONTO, METODO_PAGO, ESTADO_PAGO, REFERENCIA, DESCUENTO_APLICADO) VALUES (17, TIMESTAMP '2025-02-01 03:00:00', 34900, 'PSE', 'EXITOSO', 'REF-17', 0);
INSERT INTO PAGOS (ID_USUARIO, FECHA_PAGO, MONTO, METODO_PAGO, ESTADO_PAGO, REFERENCIA, DESCUENTO_APLICADO) VALUES (18, TIMESTAMP '2025-03-03 04:00:00', 14900, 'NEQUI', 'EXITOSO', 'REF-18', 0);
INSERT INTO PAGOS (ID_USUARIO, FECHA_PAGO, MONTO, METODO_PAGO, ESTADO_PAGO, REFERENCIA, DESCUENTO_APLICADO) VALUES (19, TIMESTAMP '2025-04-02 05:00:00', 24900, 'DAVIPLATA', 'EXITOSO', 'REF-19', 0);
INSERT INTO PAGOS (ID_USUARIO, FECHA_PAGO, MONTO, METODO_PAGO, ESTADO_PAGO, REFERENCIA, DESCUENTO_APLICADO) VALUES (20, TIMESTAMP '2025-05-02 06:00:00', 34900, 'TARJETA_CREDITO', 'FALLIDO', 'REF-20', 0);
INSERT INTO PAGOS (ID_USUARIO, FECHA_PAGO, MONTO, METODO_PAGO, ESTADO_PAGO, REFERENCIA, DESCUENTO_APLICADO) VALUES (21, TIMESTAMP '2025-06-01 07:00:00', 14900, 'TARJETA_DEBITO', 'EXITOSO', 'REF-21', 0);
INSERT INTO PAGOS (ID_USUARIO, FECHA_PAGO, MONTO, METODO_PAGO, ESTADO_PAGO, REFERENCIA, DESCUENTO_APLICADO) VALUES (22, TIMESTAMP '2025-07-01 08:00:00', 24900, 'PSE', 'EXITOSO', 'REF-22', 0);
INSERT INTO PAGOS (ID_USUARIO, FECHA_PAGO, MONTO, METODO_PAGO, ESTADO_PAGO, REFERENCIA, DESCUENTO_APLICADO) VALUES (23, TIMESTAMP '2025-07-31 09:00:00', 34900, 'NEQUI', 'EXITOSO', 'REF-23', 0);
INSERT INTO PAGOS (ID_USUARIO, FECHA_PAGO, MONTO, METODO_PAGO, ESTADO_PAGO, REFERENCIA, DESCUENTO_APLICADO) VALUES (24, TIMESTAMP '2025-01-01 10:00:00', 14900, 'DAVIPLATA', 'EXITOSO', 'REF-24', 3000);
INSERT INTO PAGOS (ID_USUARIO, FECHA_PAGO, MONTO, METODO_PAGO, ESTADO_PAGO, REFERENCIA, DESCUENTO_APLICADO) VALUES (25, TIMESTAMP '2025-01-31 11:00:00', 24900, 'TARJETA_CREDITO', 'EXITOSO', 'REF-25', 0);
INSERT INTO PAGOS (ID_USUARIO, FECHA_PAGO, MONTO, METODO_PAGO, ESTADO_PAGO, REFERENCIA, DESCUENTO_APLICADO) VALUES (26, TIMESTAMP '2025-03-02 12:00:00', 34900, 'TARJETA_DEBITO', 'EXITOSO', 'REF-26', 0);
INSERT INTO PAGOS (ID_USUARIO, FECHA_PAGO, MONTO, METODO_PAGO, ESTADO_PAGO, REFERENCIA, DESCUENTO_APLICADO) VALUES (27, TIMESTAMP '2025-04-01 13:00:00', 14900, 'PSE', 'EXITOSO', 'REF-27', 0);
INSERT INTO PAGOS (ID_USUARIO, FECHA_PAGO, MONTO, METODO_PAGO, ESTADO_PAGO, REFERENCIA, DESCUENTO_APLICADO) VALUES (28, TIMESTAMP '2025-05-01 14:00:00', 24900, 'NEQUI', 'EXITOSO', 'REF-28', 0);
INSERT INTO PAGOS (ID_USUARIO, FECHA_PAGO, MONTO, METODO_PAGO, ESTADO_PAGO, REFERENCIA, DESCUENTO_APLICADO) VALUES (29, TIMESTAMP '2025-05-31 15:00:00', 34900, 'DAVIPLATA', 'EXITOSO', 'REF-29', 0);
INSERT INTO PAGOS (ID_USUARIO, FECHA_PAGO, MONTO, METODO_PAGO, ESTADO_PAGO, REFERENCIA, DESCUENTO_APLICADO) VALUES (30, TIMESTAMP '2025-06-30 16:00:00', 14900, 'TARJETA_CREDITO', 'FALLIDO', 'REF-30', 0);
INSERT INTO PAGOS (ID_USUARIO, FECHA_PAGO, MONTO, METODO_PAGO, ESTADO_PAGO, REFERENCIA, DESCUENTO_APLICADO) VALUES (1, TIMESTAMP '2025-07-30 17:00:00', 24900, 'TARJETA_DEBITO', 'EXITOSO', 'REF-31', 0);
INSERT INTO PAGOS (ID_USUARIO, FECHA_PAGO, MONTO, METODO_PAGO, ESTADO_PAGO, REFERENCIA, DESCUENTO_APLICADO) VALUES (2, TIMESTAMP '2025-01-01 18:00:00', 34900, 'PSE', 'EXITOSO', 'REF-32', 0);
INSERT INTO PAGOS (ID_USUARIO, FECHA_PAGO, MONTO, METODO_PAGO, ESTADO_PAGO, REFERENCIA, DESCUENTO_APLICADO) VALUES (3, TIMESTAMP '2025-01-31 19:00:00', 14900, 'NEQUI', 'EXITOSO', 'REF-33', 0);
INSERT INTO PAGOS (ID_USUARIO, FECHA_PAGO, MONTO, METODO_PAGO, ESTADO_PAGO, REFERENCIA, DESCUENTO_APLICADO) VALUES (4, TIMESTAMP '2025-03-02 20:00:00', 24900, 'DAVIPLATA', 'EXITOSO', 'REF-34', 0);
INSERT INTO PAGOS (ID_USUARIO, FECHA_PAGO, MONTO, METODO_PAGO, ESTADO_PAGO, REFERENCIA, DESCUENTO_APLICADO) VALUES (5, TIMESTAMP '2025-04-01 21:00:00', 34900, 'TARJETA_CREDITO', 'EXITOSO', 'REF-35', 0);
INSERT INTO PAGOS (ID_USUARIO, FECHA_PAGO, MONTO, METODO_PAGO, ESTADO_PAGO, REFERENCIA, DESCUENTO_APLICADO) VALUES (6, TIMESTAMP '2025-05-01 22:00:00', 14900, 'TARJETA_DEBITO', 'EXITOSO', 'REF-36', 3000);
INSERT INTO PAGOS (ID_USUARIO, FECHA_PAGO, MONTO, METODO_PAGO, ESTADO_PAGO, REFERENCIA, DESCUENTO_APLICADO) VALUES (7, TIMESTAMP '2025-05-31 23:00:00', 24900, 'PSE', 'EXITOSO', 'REF-37', 0);
INSERT INTO PAGOS (ID_USUARIO, FECHA_PAGO, MONTO, METODO_PAGO, ESTADO_PAGO, REFERENCIA, DESCUENTO_APLICADO) VALUES (8, TIMESTAMP '2025-07-01 00:00:00', 34900, 'NEQUI', 'EXITOSO', 'REF-38', 0);
INSERT INTO PAGOS (ID_USUARIO, FECHA_PAGO, MONTO, METODO_PAGO, ESTADO_PAGO, REFERENCIA, DESCUENTO_APLICADO) VALUES (9, TIMESTAMP '2025-07-31 01:00:00', 14900, 'DAVIPLATA', 'EXITOSO', 'REF-39', 0);
INSERT INTO PAGOS (ID_USUARIO, FECHA_PAGO, MONTO, METODO_PAGO, ESTADO_PAGO, REFERENCIA, DESCUENTO_APLICADO) VALUES (10, TIMESTAMP '2025-01-02 02:00:00', 24900, 'TARJETA_CREDITO', 'FALLIDO', 'REF-40', 0);
INSERT INTO PAGOS (ID_USUARIO, FECHA_PAGO, MONTO, METODO_PAGO, ESTADO_PAGO, REFERENCIA, DESCUENTO_APLICADO) VALUES (11, TIMESTAMP '2025-02-01 03:00:00', 34900, 'TARJETA_DEBITO', 'EXITOSO', 'REF-41', 0);
INSERT INTO PAGOS (ID_USUARIO, FECHA_PAGO, MONTO, METODO_PAGO, ESTADO_PAGO, REFERENCIA, DESCUENTO_APLICADO) VALUES (12, TIMESTAMP '2025-03-03 04:00:00', 14900, 'PSE', 'EXITOSO', 'REF-42', 0);
INSERT INTO PAGOS (ID_USUARIO, FECHA_PAGO, MONTO, METODO_PAGO, ESTADO_PAGO, REFERENCIA, DESCUENTO_APLICADO) VALUES (13, TIMESTAMP '2025-04-02 05:00:00', 24900, 'NEQUI', 'EXITOSO', 'REF-43', 0);
INSERT INTO PAGOS (ID_USUARIO, FECHA_PAGO, MONTO, METODO_PAGO, ESTADO_PAGO, REFERENCIA, DESCUENTO_APLICADO) VALUES (14, TIMESTAMP '2025-05-02 06:00:00', 34900, 'DAVIPLATA', 'EXITOSO', 'REF-44', 0);
INSERT INTO PAGOS (ID_USUARIO, FECHA_PAGO, MONTO, METODO_PAGO, ESTADO_PAGO, REFERENCIA, DESCUENTO_APLICADO) VALUES (15, TIMESTAMP '2025-06-01 07:00:00', 14900, 'TARJETA_CREDITO', 'PENDIENTE', 'REF-45', 0);
INSERT INTO PAGOS (ID_USUARIO, FECHA_PAGO, MONTO, METODO_PAGO, ESTADO_PAGO, REFERENCIA, DESCUENTO_APLICADO) VALUES (16, TIMESTAMP '2025-07-01 08:00:00', 24900, 'TARJETA_DEBITO', 'EXITOSO', 'REF-46', 0);
INSERT INTO PAGOS (ID_USUARIO, FECHA_PAGO, MONTO, METODO_PAGO, ESTADO_PAGO, REFERENCIA, DESCUENTO_APLICADO) VALUES (17, TIMESTAMP '2025-07-31 09:00:00', 34900, 'PSE', 'EXITOSO', 'REF-47', 0);
INSERT INTO PAGOS (ID_USUARIO, FECHA_PAGO, MONTO, METODO_PAGO, ESTADO_PAGO, REFERENCIA, DESCUENTO_APLICADO) VALUES (18, TIMESTAMP '2025-01-01 10:00:00', 14900, 'NEQUI', 'EXITOSO', 'REF-48', 3000);
INSERT INTO PAGOS (ID_USUARIO, FECHA_PAGO, MONTO, METODO_PAGO, ESTADO_PAGO, REFERENCIA, DESCUENTO_APLICADO) VALUES (19, TIMESTAMP '2025-01-31 11:00:00', 24900, 'DAVIPLATA', 'EXITOSO', 'REF-49', 0);
INSERT INTO PAGOS (ID_USUARIO, FECHA_PAGO, MONTO, METODO_PAGO, ESTADO_PAGO, REFERENCIA, DESCUENTO_APLICADO) VALUES (20, TIMESTAMP '2025-03-02 12:00:00', 34900, 'TARJETA_CREDITO', 'FALLIDO', 'REF-50', 0);
INSERT INTO PAGOS (ID_USUARIO, FECHA_PAGO, MONTO, METODO_PAGO, ESTADO_PAGO, REFERENCIA, DESCUENTO_APLICADO) VALUES (21, TIMESTAMP '2025-04-01 13:00:00', 14900, 'TARJETA_DEBITO', 'EXITOSO', 'REF-51', 0);
INSERT INTO PAGOS (ID_USUARIO, FECHA_PAGO, MONTO, METODO_PAGO, ESTADO_PAGO, REFERENCIA, DESCUENTO_APLICADO) VALUES (22, TIMESTAMP '2025-05-01 14:00:00', 24900, 'PSE', 'EXITOSO', 'REF-52', 0);
INSERT INTO PAGOS (ID_USUARIO, FECHA_PAGO, MONTO, METODO_PAGO, ESTADO_PAGO, REFERENCIA, DESCUENTO_APLICADO) VALUES (23, TIMESTAMP '2025-05-31 15:00:00', 34900, 'NEQUI', 'EXITOSO', 'REF-53', 0);
INSERT INTO PAGOS (ID_USUARIO, FECHA_PAGO, MONTO, METODO_PAGO, ESTADO_PAGO, REFERENCIA, DESCUENTO_APLICADO) VALUES (24, TIMESTAMP '2025-06-30 16:00:00', 14900, 'DAVIPLATA', 'EXITOSO', 'REF-54', 0);
INSERT INTO PAGOS (ID_USUARIO, FECHA_PAGO, MONTO, METODO_PAGO, ESTADO_PAGO, REFERENCIA, DESCUENTO_APLICADO) VALUES (25, TIMESTAMP '2025-07-30 17:00:00', 24900, 'TARJETA_CREDITO', 'EXITOSO', 'REF-55', 0);
INSERT INTO PAGOS (ID_USUARIO, FECHA_PAGO, MONTO, METODO_PAGO, ESTADO_PAGO, REFERENCIA, DESCUENTO_APLICADO) VALUES (26, TIMESTAMP '2025-01-01 18:00:00', 34900, 'TARJETA_DEBITO', 'EXITOSO', 'REF-56', 0);
INSERT INTO PAGOS (ID_USUARIO, FECHA_PAGO, MONTO, METODO_PAGO, ESTADO_PAGO, REFERENCIA, DESCUENTO_APLICADO) VALUES (27, TIMESTAMP '2025-01-31 19:00:00', 14900, 'PSE', 'EXITOSO', 'REF-57', 0);
INSERT INTO PAGOS (ID_USUARIO, FECHA_PAGO, MONTO, METODO_PAGO, ESTADO_PAGO, REFERENCIA, DESCUENTO_APLICADO) VALUES (28, TIMESTAMP '2025-03-02 20:00:00', 24900, 'NEQUI', 'EXITOSO', 'REF-58', 0);
INSERT INTO PAGOS (ID_USUARIO, FECHA_PAGO, MONTO, METODO_PAGO, ESTADO_PAGO, REFERENCIA, DESCUENTO_APLICADO) VALUES (29, TIMESTAMP '2025-04-01 21:00:00', 34900, 'DAVIPLATA', 'EXITOSO', 'REF-59', 0);
INSERT INTO PAGOS (ID_USUARIO, FECHA_PAGO, MONTO, METODO_PAGO, ESTADO_PAGO, REFERENCIA, DESCUENTO_APLICADO) VALUES (30, TIMESTAMP '2025-05-01 22:00:00', 14900, 'TARJETA_CREDITO', 'FALLIDO', 'REF-60', 3000);
INSERT INTO PAGOS (ID_USUARIO, FECHA_PAGO, MONTO, METODO_PAGO, ESTADO_PAGO, REFERENCIA, DESCUENTO_APLICADO) VALUES (1, TIMESTAMP '2025-05-31 23:00:00', 24900, 'TARJETA_DEBITO', 'EXITOSO', 'REF-61', 0);
INSERT INTO PAGOS (ID_USUARIO, FECHA_PAGO, MONTO, METODO_PAGO, ESTADO_PAGO, REFERENCIA, DESCUENTO_APLICADO) VALUES (2, TIMESTAMP '2025-07-01 00:00:00', 34900, 'PSE', 'EXITOSO', 'REF-62', 0);
INSERT INTO PAGOS (ID_USUARIO, FECHA_PAGO, MONTO, METODO_PAGO, ESTADO_PAGO, REFERENCIA, DESCUENTO_APLICADO) VALUES (3, TIMESTAMP '2025-07-31 01:00:00', 14900, 'NEQUI', 'EXITOSO', 'REF-63', 0);
INSERT INTO PAGOS (ID_USUARIO, FECHA_PAGO, MONTO, METODO_PAGO, ESTADO_PAGO, REFERENCIA, DESCUENTO_APLICADO) VALUES (4, TIMESTAMP '2025-01-02 02:00:00', 24900, 'DAVIPLATA', 'EXITOSO', 'REF-64', 0);
INSERT INTO PAGOS (ID_USUARIO, FECHA_PAGO, MONTO, METODO_PAGO, ESTADO_PAGO, REFERENCIA, DESCUENTO_APLICADO) VALUES (5, TIMESTAMP '2025-02-01 03:00:00', 34900, 'TARJETA_CREDITO', 'EXITOSO', 'REF-65', 0);
INSERT INTO PAGOS (ID_USUARIO, FECHA_PAGO, MONTO, METODO_PAGO, ESTADO_PAGO, REFERENCIA, DESCUENTO_APLICADO) VALUES (6, TIMESTAMP '2025-03-03 04:00:00', 14900, 'TARJETA_DEBITO', 'EXITOSO', 'REF-66', 0);
INSERT INTO PAGOS (ID_USUARIO, FECHA_PAGO, MONTO, METODO_PAGO, ESTADO_PAGO, REFERENCIA, DESCUENTO_APLICADO) VALUES (7, TIMESTAMP '2025-04-02 05:00:00', 24900, 'PSE', 'EXITOSO', 'REF-67', 0);
INSERT INTO PAGOS (ID_USUARIO, FECHA_PAGO, MONTO, METODO_PAGO, ESTADO_PAGO, REFERENCIA, DESCUENTO_APLICADO) VALUES (8, TIMESTAMP '2025-05-02 06:00:00', 34900, 'NEQUI', 'EXITOSO', 'REF-68', 0);
INSERT INTO PAGOS (ID_USUARIO, FECHA_PAGO, MONTO, METODO_PAGO, ESTADO_PAGO, REFERENCIA, DESCUENTO_APLICADO) VALUES (9, TIMESTAMP '2025-06-01 07:00:00', 14900, 'DAVIPLATA', 'EXITOSO', 'REF-69', 0);
INSERT INTO PAGOS (ID_USUARIO, FECHA_PAGO, MONTO, METODO_PAGO, ESTADO_PAGO, REFERENCIA, DESCUENTO_APLICADO) VALUES (10, TIMESTAMP '2025-07-01 08:00:00', 24900, 'TARJETA_CREDITO', 'FALLIDO', 'REF-70', 0);
INSERT INTO PAGOS (ID_USUARIO, FECHA_PAGO, MONTO, METODO_PAGO, ESTADO_PAGO, REFERENCIA, DESCUENTO_APLICADO) VALUES (11, TIMESTAMP '2025-07-31 09:00:00', 34900, 'TARJETA_DEBITO', 'EXITOSO', 'REF-71', 0);
INSERT INTO PAGOS (ID_USUARIO, FECHA_PAGO, MONTO, METODO_PAGO, ESTADO_PAGO, REFERENCIA, DESCUENTO_APLICADO) VALUES (12, TIMESTAMP '2025-01-01 10:00:00', 14900, 'PSE', 'EXITOSO', 'REF-72', 3000);
INSERT INTO PAGOS (ID_USUARIO, FECHA_PAGO, MONTO, METODO_PAGO, ESTADO_PAGO, REFERENCIA, DESCUENTO_APLICADO) VALUES (13, TIMESTAMP '2025-01-31 11:00:00', 24900, 'NEQUI', 'EXITOSO', 'REF-73', 0);
INSERT INTO PAGOS (ID_USUARIO, FECHA_PAGO, MONTO, METODO_PAGO, ESTADO_PAGO, REFERENCIA, DESCUENTO_APLICADO) VALUES (14, TIMESTAMP '2025-03-02 12:00:00', 34900, 'DAVIPLATA', 'EXITOSO', 'REF-74', 0);
INSERT INTO PAGOS (ID_USUARIO, FECHA_PAGO, MONTO, METODO_PAGO, ESTADO_PAGO, REFERENCIA, DESCUENTO_APLICADO) VALUES (15, TIMESTAMP '2025-04-01 13:00:00', 14900, 'TARJETA_CREDITO', 'PENDIENTE', 'REF-75', 0);
INSERT INTO PAGOS (ID_USUARIO, FECHA_PAGO, MONTO, METODO_PAGO, ESTADO_PAGO, REFERENCIA, DESCUENTO_APLICADO) VALUES (16, TIMESTAMP '2025-05-01 14:00:00', 24900, 'TARJETA_DEBITO', 'EXITOSO', 'REF-76', 0);
INSERT INTO PAGOS (ID_USUARIO, FECHA_PAGO, MONTO, METODO_PAGO, ESTADO_PAGO, REFERENCIA, DESCUENTO_APLICADO) VALUES (17, TIMESTAMP '2025-05-31 15:00:00', 34900, 'PSE', 'EXITOSO', 'REF-77', 0);
INSERT INTO PAGOS (ID_USUARIO, FECHA_PAGO, MONTO, METODO_PAGO, ESTADO_PAGO, REFERENCIA, DESCUENTO_APLICADO) VALUES (18, TIMESTAMP '2025-06-30 16:00:00', 14900, 'NEQUI', 'EXITOSO', 'REF-78', 0);
INSERT INTO PAGOS (ID_USUARIO, FECHA_PAGO, MONTO, METODO_PAGO, ESTADO_PAGO, REFERENCIA, DESCUENTO_APLICADO) VALUES (19, TIMESTAMP '2025-07-30 17:00:00', 24900, 'DAVIPLATA', 'EXITOSO', 'REF-79', 0);
INSERT INTO PAGOS (ID_USUARIO, FECHA_PAGO, MONTO, METODO_PAGO, ESTADO_PAGO, REFERENCIA, DESCUENTO_APLICADO) VALUES (20, TIMESTAMP '2025-01-01 18:00:00', 34900, 'TARJETA_CREDITO', 'FALLIDO', 'REF-80', 0);

INSERT INTO REPORTES_CONTENIDO (ID_USUARIO_REPORTA, ID_CONTENIDO, DESCRIPCION, FECHA_REPORTE, ESTADO, ID_MODERADOR, FECHA_RESOLUCION, COMENTARIO_RESOLUCION) VALUES (2, 2, 'Reporte de contenido inapropiado 1', TIMESTAMP '2025-04-01 09:00:00', 'PENDIENTE', NULL, NULL, NULL);
INSERT INTO REPORTES_CONTENIDO (ID_USUARIO_REPORTA, ID_CONTENIDO, DESCRIPCION, FECHA_REPORTE, ESTADO, ID_MODERADOR, FECHA_RESOLUCION, COMENTARIO_RESOLUCION) VALUES (3, 3, 'Reporte de contenido inapropiado 2', TIMESTAMP '2025-04-02 09:00:00', 'PENDIENTE', NULL, NULL, NULL);
INSERT INTO REPORTES_CONTENIDO (ID_USUARIO_REPORTA, ID_CONTENIDO, DESCRIPCION, FECHA_REPORTE, ESTADO, ID_MODERADOR, FECHA_RESOLUCION, COMENTARIO_RESOLUCION) VALUES (4, 4, 'Reporte de contenido inapropiado 3', TIMESTAMP '2025-04-03 09:00:00', 'RESUELTO', 2, TIMESTAMP '2025-04-13 10:00:00', 'Reporte revisado por soporte');
INSERT INTO REPORTES_CONTENIDO (ID_USUARIO_REPORTA, ID_CONTENIDO, DESCRIPCION, FECHA_REPORTE, ESTADO, ID_MODERADOR, FECHA_RESOLUCION, COMENTARIO_RESOLUCION) VALUES (5, 5, 'Reporte de contenido inapropiado 4', TIMESTAMP '2025-04-04 09:00:00', 'PENDIENTE', NULL, NULL, NULL);
INSERT INTO REPORTES_CONTENIDO (ID_USUARIO_REPORTA, ID_CONTENIDO, DESCRIPCION, FECHA_REPORTE, ESTADO, ID_MODERADOR, FECHA_RESOLUCION, COMENTARIO_RESOLUCION) VALUES (6, 6, 'Reporte de contenido inapropiado 5', TIMESTAMP '2025-04-05 09:00:00', 'PENDIENTE', NULL, NULL, NULL);
INSERT INTO REPORTES_CONTENIDO (ID_USUARIO_REPORTA, ID_CONTENIDO, DESCRIPCION, FECHA_REPORTE, ESTADO, ID_MODERADOR, FECHA_RESOLUCION, COMENTARIO_RESOLUCION) VALUES (7, 7, 'Reporte de contenido inapropiado 6', TIMESTAMP '2025-04-06 09:00:00', 'RESUELTO', 2, TIMESTAMP '2025-04-16 10:00:00', 'Reporte revisado por soporte');
INSERT INTO REPORTES_CONTENIDO (ID_USUARIO_REPORTA, ID_CONTENIDO, DESCRIPCION, FECHA_REPORTE, ESTADO, ID_MODERADOR, FECHA_RESOLUCION, COMENTARIO_RESOLUCION) VALUES (8, 8, 'Reporte de contenido inapropiado 7', TIMESTAMP '2025-04-07 09:00:00', 'PENDIENTE', NULL, NULL, NULL);
INSERT INTO REPORTES_CONTENIDO (ID_USUARIO_REPORTA, ID_CONTENIDO, DESCRIPCION, FECHA_REPORTE, ESTADO, ID_MODERADOR, FECHA_RESOLUCION, COMENTARIO_RESOLUCION) VALUES (9, 9, 'Reporte de contenido inapropiado 8', TIMESTAMP '2025-04-08 09:00:00', 'PENDIENTE', NULL, NULL, NULL);
INSERT INTO REPORTES_CONTENIDO (ID_USUARIO_REPORTA, ID_CONTENIDO, DESCRIPCION, FECHA_REPORTE, ESTADO, ID_MODERADOR, FECHA_RESOLUCION, COMENTARIO_RESOLUCION) VALUES (10, 10, 'Reporte de contenido inapropiado 9', TIMESTAMP '2025-04-09 09:00:00', 'RESUELTO', 2, TIMESTAMP '2025-04-19 10:00:00', 'Reporte revisado por soporte');
INSERT INTO REPORTES_CONTENIDO (ID_USUARIO_REPORTA, ID_CONTENIDO, DESCRIPCION, FECHA_REPORTE, ESTADO, ID_MODERADOR, FECHA_RESOLUCION, COMENTARIO_RESOLUCION) VALUES (11, 11, 'Reporte de contenido inapropiado 10', TIMESTAMP '2025-04-10 09:00:00', 'PENDIENTE', NULL, NULL, NULL);

COMMIT;
